country_name,country_code,year,school_enrollment_primary,school_enrollment_secondary,school_enrollment_tertiary,primary_completion_rate,lower_secondary_completion_rate,literacy_rate,government_expenditure_education_gdp,government_expenditure_education_gov,government_expenditure_per_student_secondary,children_out_of_school_total,children_out_of_school_female,children_out_of_school_male,gender_parity_index,gdp_per_capita,life_expectancy,urban_population,population,available_indicator_count,missing_indicator_count,data_completeness_pct,primary_secondary_enrollment_gap,secondary_tertiary_enrollment_gap,completion_gap_primary_lower_secondary,out_of_school_gender_gap,out_of_school_female_share,out_of_school_male_share,out_of_school_per_100k_population,gdp_per_capita_log,population_log,gender_parity_score,education_access_score,development_context_score
Brunei Darussalam,BRN,2001,110.13542175293,84.982307434082,14.6684103012085,122.554916381836,,92.6699981689453,,,,,,,0.977370023727417,18287.8272281914,74.209,71.657883335906,333345.0,10,7,58.82352941176471,25.153114318847997,70.3138971328735,,,,,,9.814045618399136,12.716936268574182,97.7370023727417,81.67628637949626,90.9090909090909
Brunei Darussalam,BRN,2002,112.115310668945,86.768928527832,14.1154699325562,119.12052154541,,,,,,,,,0.973049998283386,18621.2922577525,74.365,72.1021556496525,340099.0,9,8,52.94117647058824,25.346382141112997,72.65345859527581,,,,,,9.832114650544659,12.736994970995287,97.3049998283386,79.63787965774536,90.9090909090909
Brunei Darussalam,BRN,2003,116.92626953125,87.8041305541992,14.257490158081,121.753967285156,,,,,,,,,0.97886997461319,20677.9001143188,74.509,72.577635652792,346637.0,9,8,52.94117647058824,29.122138977050795,73.5466403961182,,,,,,9.936869141246568,12.756036286722557,97.886997461319,79.98972363471985,90.9090909090909
Brunei Darussalam,BRN,2004,119.105339050293,90.8928298950195,15.1707801818848,115.231391906738,103.541946411133,,,,,,,,0.972670018672943,24423.0946995548,74.603,73.0675067339261,352911.0,10,7,58.82352941176471,28.212509155273494,75.72204971313471,11.689445495605,,,,,10.10332541172274,12.773974013052369,97.2670018672943,83.8884353240331,90.9090909090909
Brunei Darussalam,BRN,2005,119.844757080078,93.6873092651367,15.2498598098755,113.22477722168,102.036842346191,,,,,,,,0.972459971904755,29386.2703822862,74.683,73.552870858133,358916.0,10,7,58.82352941176471,26.157447814941293,78.4374494552612,11.187934875489006,,,,,10.288316879369436,12.790846442968503,97.24599719047549,84.36386104424794,90.9090909090909
Brunei Darussalam,BRN,2006,121.505966186523,97.5592575073242,15.2068796157837,115.946067810059,103.717422485352,,,,,,,,0.978129982948303,34674.7995236452,74.753,74.0148299904911,364663.0,10,7,58.82352941176471,23.946708679198792,82.3523778915405,12.228645324707003,,,,,10.45379730255658,12.806731660654957,97.8129982948303,85.09652256965637,93.93939393939394
Brunei Darussalam,BRN,2007,122.321258544922,98.3408584594727,15.4847002029419,118.802337646484,105.666870117188,,,,,,,,0.982819974422455,36217.3290706015,74.793,74.4344860960786,370873.0,10,7,58.82352941176471,23.980400085449304,82.8561582565308,13.135467529296008,,,,,10.497320597590303,12.823617661263233,98.2819974422455,85.35125935077669,87.87878787878788
Brunei Darussalam,BRN,2008,116.783126831055,98.7723617553711,15.7385101318359,115.731391906738,105.062149047852,,,,,,,,0.987770020961761,42156.5685838672,74.814,74.7929411399737,377793.0,10,7,58.82352941176471,18.010765075683906,83.0338516235352,10.669242858885994,,,,,10.649169510391554,12.842104352504695,98.7770020961761,85.54797899723053,90.90909090909092
Brunei Darussalam,BRN,2009,112.532432556152,100.720039367676,16.5658493041992,110.637649536133,119.488250732422,,,,,,,,0.99329000711441,30946.4673773828,74.814,75.0712970872547,384952.0,10,7,58.82352941176471,11.812393188476008,84.15419006347679,-8.850601196289006,,,,,10.340046445277704,12.860876527895726,99.329000711441,85.9824750026067,87.87878787878788
Brunei Darussalam,BRN,2010,108.70580714953,101.011688232422,15.3331604003906,111.762081784387,109.028084105279,,1.84384000301361,5.30208015441895,7.6387,,,,1.00109994411469,34937.5555357155,74.82,75.2506559029998,392332.0,13,4,76.47058823529412,7.694118917108,85.6785278320314,2.7339976791079863,,,,,10.461346241554581,12.87986624795627,99.89000558853101,85.87052766482027,84.84848484848484
Brunei Darussalam,BRN,2011,104.830894583323,102.111122131348,17.4244594573975,111.028993746447,104.513235932301,96.0899963378906,3.32213997840881,9.18218994140625,,1239.10797442957,,,0.998149991035461,46382.8274255349,74.835,75.312125504778,399389.0,14,3,82.35294117647058,2.719772451975004,84.6866626739505,6.515757814145999,,,,310.2509018599836,10.744706130594299,12.897693662094072,99.8149991035461,87.61849355697632,84.84848484848484
Brunei Darussalam,BRN,2012,103.310538143682,105.229759216309,22.0733509063721,103.19944598338,106.267846944603,,2.88964009284973,9.72642040252686,,638.279053420803,,,1.0095499753952,46968.5971164922,74.843,75.2714233503027,405557.0,13,4,76.47058823529412,-1.9192210726270105,83.15640830993691,-3.0684009612229914,,,,157.38331564263544,10.757255801519749,12.913019175601551,99.04500246048,86.85305889447534,84.84848484848484
Brunei Darussalam,BRN,2013,103.895142180095,102.392692565918,23.4649200439453,103.014509085787,107.734959800388,,,,,866.047337837197,,,1.01909005641937,44003.0644273461,74.854,75.1756915148608,411202.0,11,6,64.70588235294117,1.5024496141769959,78.9277725219727,-4.720450714601,,,,210.61360057519104,10.692037281983017,12.926842288816323,98.09099435806301,86.92598573366804,84.84848484848484
Brunei Darussalam,BRN,2014,103.847709576297,96.2848663330078,30.0799102783203,97.0102505694761,101.07275477926,,3.35321998596191,9.98460006713867,10.13979,479.078734793184,,,1.01016998291016,41026.5084247957,74.862,75.0572639801502,416750.0,14,3,82.35294117647058,7.562843243289208,66.2049560546875,-4.062504209783896,,,,114.9559051693303,10.621998057898852,12.940244200130257,98.98300170898399,87.05967148163137,84.84848484848484
Brunei Darussalam,BRN,2015,104.185794604632,92.8161697387695,28.6641292572021,98.8262570641936,100.434721637919,,,,,295.285121280322,,,0.998702049255371,30625.1287744656,74.88,74.9484620568562,422212.0,11,6,64.70588235294117,11.369624865862491,64.15204048156741,-1.6084645737253993,,,,69.93764300406478,10.329608805109524,12.953265205016589,99.8702049255371,86.69612683095038,84.84848484848484
Brunei Darussalam,BRN,2016,105.726377387079,90.0986175537109,28.6644096374512,102.815448113208,97.9557069846678,,4.42539978027344,11.4419498443603,23.64457,627.134494632373,,,1.01419997215271,26663.2972950602,74.905,74.8816070556641,427564.0,14,3,82.35294117647058,15.627759833368103,61.434207916259695,4.8597411285402075,,,,146.6761688618249,10.191080769605144,12.965861602584637,98.580002784729,85.88312282675982,84.84848484848484
Brunei Darussalam,BRN,2017,104.567053854277,88.6814727783203,31.2433910195239,103.848494067539,98.8588762097357,,,,,597.517495205015,,,1.01496005058289,28024.3824580252,74.943,74.8476440654983,432772.0,11,6,64.70588235294117,15.885581075956708,57.4380817587964,4.989617857803296,,,,138.06750325922542,10.240865894877578,12.977968620095218,98.503994941711,86.21462249154848,84.84848484848484
Brunei Darussalam,BRN,2018,104.179996298549,89.1818084716797,27.9285989469629,106.125039669946,100.982837025084,,,,,615.161159811192,,,1.01620995998383,30988.1190267227,74.992,74.8172471714305,437810.0,11,6,64.70588235294117,14.998187826869298,61.2532095247168,5.14220264486201,,,,140.5087046461232,10.34139142271469,12.989542589383397,98.379004001617,85.91490190337659,84.84848484848484
Brunei Darussalam,BRN,2019,103.033008586959,88.2910308837891,27.7715019255456,100.955518945634,103.043149129447,,,,,573.709801409357,,,1.02144002914429,30426.5730656528,75.049,74.7923311783673,442680.0,11,6,64.70588235294117,14.741977703169894,60.519528958243505,-2.0876301838130047,,,,129.5992141974693,10.323104485049019,13.000604699344274,97.855997085571,85.65308831581763,81.81818181818183
Brunei Darussalam,BRN,2020,102.709633966272,86.6857810342997,27.4692556634304,104.65599822998,108.19075012207,,,,,422.650408620058,,,1.01873004436493,26834.3592233943,75.114,74.7748108912151,447404.0,11,6,64.70588235294117,16.0238529319723,59.21652537086929,-3.53475189209,,,,94.46728429340327,10.197475670897122,13.011219503657436,98.126995563507,85.38033871020617,78.7878787878788
Brunei Darussalam,BRN,2021,101.387926832397,,27.4258937503291,,,,,,,700.859676659871,,,,31006.9636289785,74.869,74.7667316936175,451721.0,7,10,41.17647058823529,,,,,,,155.153219943255,10.341999341733745,13.020822225349278,,63.71294687516455,84.84848484848484
Brunei Darussalam,BRN,2022,99.134912983916,,31.1925368707703,,,,,,,371.363528071262,,,,36632.9280952155,72.917,74.7772642014221,455370.0,7,10,41.17647058823529,,,,,,,81.55204077371413,10.508730087129992,13.02886775030303,,65.16372492734315,78.7878787878788
Brunei Darussalam,BRN,2023,96.9292188716198,91.8381544399811,36.4182725443167,101.681320376369,99.4726749760307,,,,,232.895606966471,,,,32890.5491812019,75.327,74.8199193881365,458949.0,10,7,58.82352941176471,5.091064431638699,55.419881895664396,2.2086454003382983,,,,50.745422033051824,10.400971039965054,13.036696550647237,,84.93166416638965,81.81818181818183
Brunei Darussalam,BRN,2024,94.8207871800668,,,99.3799153055051,104.975767366721,,,,,1438.0,657.0,781.0,,33153.4738913513,75.501,74.8983133873697,462721.0,10,7,58.82352941176471,,,-5.595852061215908,-124.0,45.6884561891516,54.311543810848406,310.7704210528591,10.408932945522983,13.044881720771468,,98.06690082852397,81.81818181818183
Brunei Darussalam,BRN,2025,,,,,,,,,,,,,,,,,,0,17,0.0,,,,,,,,,,,,
Indonesia,IDN,2001,109.43041229248,56.2273216247559,14.1229801177978,93.7076873779297,,,2.46003007888794,11.5938901901245,,1082406.0,485247.0,597159.0,0.978320002555847,732.307093405708,66.583,42.9018895186157,219097902.0,14,3,82.35294117647058,53.2030906677241,42.1043415069581,,-111912.0,44.83040559642131,55.16959440357869,494.02846404252654,6.597564568318627,19.205029233547734,97.83200025558469,72.37799787521362,57.57575757575758
Indonesia,IDN,2002,110.116897583008,57.646598815918,14.6824598312378,95.4321975708008,71.1110763549805,,2.64568996429443,14.3690500259399,,1148725.0,490105.0,658620.0,0.980740010738373,881.002913569131,66.954,43.7824069030376,222088495.0,15,2,88.23529411764706,52.47029876709,42.9641389846802,24.3211212158203,-168515.0,42.66512872967856,57.33487127032144,517.2375093090707,6.782195359367697,19.218586491035104,98.07400107383731,72.82438894112907,57.57575757575758
Indonesia,IDN,2003,110.176658630371,60.7244682312012,15.7722797393799,97.6939468383789,74.100227355957,,3.21799993515015,16.2781791687012,,1182554.0,564382.0,618172.0,0.982840001583099,1043.2105838671,67.134,44.6301761521872,225048008.0,15,2,88.23529411764706,49.452190399169794,44.9521884918213,23.593719482421903,-53790.0,47.72568525411947,52.274314745880524,525.4674371523431,6.951016456787084,19.231824310741175,98.28400015830991,74.42915372053783,60.60606060606061
Indonesia,IDN,2004,109.678840637207,62.9758682250977,16.1766300201416,97.2464828491211,74.6714935302734,90.379997253418,2.74846005439758,14.1702995300293,,1369667.0,674155.0,695512.0,0.986850023269653,1126.84004447173,65.521,45.4476736441888,227926649.0,16,1,94.11764705882352,46.702972412109304,46.7992382049561,22.5749893188477,-21357.0,49.22035794101778,50.77964205898222,600.9244667129731,7.02805961745645,19.244534424632466,98.6850023269653,77.16221060071673,60.60606060606061
Indonesia,IDN,2005,109.01708984375,61.6382789611816,16.6967105865479,97.4744873046875,71.0544662475586,,2.87281990051269,15.1821098327637,,1559205.0,853624.0,705581.0,0.975489974021912,1238.21447629488,67.531,46.2373757571669,230871650.0,15,2,88.23529411764706,47.3788108825684,44.9415683746337,26.420021057128906,148043.0,54.74738729031782,45.252612709682175,675.355765855184,7.122232971002534,19.257372490693577,97.54899740219119,74.06882341702779,60.60606060606061
Indonesia,IDN,2006,107.672538757324,64.6422119140625,16.767240524292,95.7227630615234,73.2656097412109,91.9800033569336,,,,1117320.0,651331.0,465989.0,0.982860028743744,1558.31562847163,67.664,47.0017588692457,233951652.0,14,3,82.35294117647058,43.030326843261506,47.8749713897705,22.4571533203125,185342.0,58.29404288833996,41.70595711166004,477.58585607251877,7.352002304289044,19.270625040863848,98.2860028743744,77.2376902103424,60.60606060606061
Indonesia,IDN,2007,110.421722412109,71.8545074462891,17.5765991210938,98.4336318969727,79.5956192016602,,3.04426002502441,14.939920425415,9.48922,554080.0,432986.0,121094.0,0.978890001773834,1823.21976255073,67.914,47.7432993585496,237062337.0,16,1,94.11764705882352,38.5672149658199,54.277908325195305,18.8380126953125,311892.0,78.14503320820099,21.85496679179902,233.72755327220113,7.508907647231247,19.283833694049065,97.8890001773834,77.55822630723321,60.60606060606061
Indonesia,IDN,2008,109.333679199219,70.1684417724609,20.5209503173828,97.3859481811523,76.1189193725586,92.1900024414062,2.90190005302429,13.674750328064,9.42407,690846.0,399442.0,291404.0,0.984170019626617,2124.55483920618,68.085,48.4644736032029,240157903.0,17,0,100.0,39.16523742675811,49.6474914550781,21.267028808593707,108038.0,57.8192534949902,42.1807465050098,287.6632379655647,7.661788148080543,19.29680719829635,98.4170019626617,79.25732343537463,60.60606060606061
Indonesia,IDN,2009,110.992286682129,74.5035934448242,22.6933307647705,98.3221130371094,82.4980697631836,92.5800018310547,3.52513003349304,19.3081398010254,10.9866,264905.0,237257.0,27648.0,0.9826700091362,2218.48541852977,68.267,49.16775798133,243220028.0,17,0,100.0,36.4886932373048,51.810262680053704,15.82404327392581,209609.0,89.56305090504144,10.43694909495857,108.91578385970747,7.705030654543012,19.309477060750737,98.26700091362,81.26630139350891,60.60606060606061
Indonesia,IDN,2010,113.010775075983,75.6519088745117,23.4159086398462,101.795042304754,84.2223030453472,92.3199996948242,2.81227993965149,16.6539402008057,8.28022,104908.0,,,1.02081000804901,3065.68348377765,68.364,49.8521375148888,246305322.0,15,2,88.23529411764706,37.3588662014713,52.236000234665504,17.572739259406802,,,,42.592664725287584,8.028351958194524,19.322082474712694,97.918999195099,81.9327313499469,60.60606060606061
Indonesia,IDN,2011,114.684137554242,78.1330718994141,25.027444191823,100.776148719838,88.3502775803615,92.8099975585938,3.18944001197815,18.0055103302002,,486790.0,,,1.02225995063782,3579.46442466152,68.629,50.4830017089844,249470032.0,14,3,82.35294117647058,36.551065654827894,53.105627707591104,12.425871139476499,,,,195.12964988115286,8.183247798539938,19.334849357725844,97.77400493621799,83.15639945234435,60.60606060606061
Indonesia,IDN,2012,115.201069565404,80.0926818847656,29.0425391195214,108.012121873384,82.0114847271123,,3.40748000144958,18.0904197692871,10.2787,63112.0,,,1.00821995735168,3632.27254030331,68.862,51.1593933105469,252698525.0,14,3,82.35294117647058,35.1083876806384,51.050142765244196,26.0006371462717,,,,24.975215031429247,8.197889047382532,19.34770773933785,99.17800426483201,81.72078499937189,60.60606060606061
Indonesia,IDN,2013,111.656675108204,81.8896974781343,29.894529174265,107.015322001135,81.4525245688744,,3.35904002189636,17.8482608795166,9.86514,490076.0,218927.0,271149.0,0.984489977359772,3566.60284506078,69.064,51.8307495117188,255852467.0,16,1,94.11764705882352,29.766977630069704,51.99516830386929,25.56279743226061,-52222.0,44.67205086558003,55.32794913441996,191.54632579720248,8.179649177263643,19.360111539445967,98.4489977359772,81.94762482620848,60.60606060606061
Indonesia,IDN,2014,109.659608599994,83.5559949258569,29.9904910473273,109.545206228873,89.6896079138365,95.120002746582,3.28800988197327,17.9038906097412,9.95311,959679.0,585629.0,374050.0,0.982280015945435,3441.06808464008,69.292,52.5002136230469,258877399.0,17,0,100.0,26.103613674137108,53.5655038785296,19.855598315036502,211579.0,61.023425541248685,38.976574458751315,370.7079118173619,8.14382775712207,19.37186514852068,98.2280015945435,85.22629974687801,60.60606060606061
Indonesia,IDN,2015,107.983525766989,87.8423207929976,32.4590200433758,108.896737190118,95.7864737958094,95.2200012207031,3.58361005783081,20.3588600158691,10.52216,,,,0.985639989376068,3288.22269725538,69.52,53.1720771789551,261799249.0,14,3,82.35294117647058,20.141204973991407,55.383300749621796,13.110263394308603,,,,,8.098406553612692,19.383088546653692,98.5639989376068,87.12454497007039,63.63636363636363
Indonesia,IDN,2016,105.922391949136,87.8191791728036,34.8307173410877,107.213433946707,99.2077611274975,95.379997253418,1.21023452496964,11.3228385780706,,1685507.0,1164854.0,520653.0,0.995899975299835,3521.46943457574,69.733,53.812557220459,264627418.0,16,1,94.11764705882352,18.1032127763324,52.9884618317159,8.005672819209494,644201.0,69.11000666268369,30.88999333731631,636.9358899915654,8.166917566538805,19.393833428615125,99.58999752998349,88.11823606068434,63.63636363636363
Indonesia,IDN,2017,104.382521256166,90.9455391241064,35.967012362631,104.773527897237,95.1407540800194,,1.05324382490056,10.8803626838238,,1796456.0,1202305.0,594151.0,0.993650019168854,3798.88326174526,69.953,54.4541015625,267346658.0,15,2,88.23529411764706,13.436982132059597,54.9785267614754,9.632773817217597,608154.0,66.92649305076218,33.07350694923784,671.957530136771,8.242725624649237,19.404056722553793,99.3650019168854,86.90305124727371,60.60606060606061
Indonesia,IDN,2018,103.299542869882,92.8120739600443,36.1494878042588,102.627469259879,100.214514427876,95.6600036621094,0.994436460846179,10.145246388091,,2189066.4453125,1329649.75,859416.6953125,0.993399977684021,3860.95353090726,70.08,55.0956840515137,269951846.0,16,1,94.11764705882352,10.487468909837702,56.662586155785505,2.4129548320030096,470233.0546875,60.74049295521434,39.259507044785664,810.9099744079912,8.258928430525406,19.413754156612942,99.3399977684021,89.1373661706878,63.63636363636363
Indonesia,IDN,2019,101.264685825869,94.9467044891028,37.3230862728703,102.856162733356,100.984414424274,,0.964399077622927,9.34260924899348,,495248.938956723,,,,4106.94856160358,70.349,55.7382049560547,272489381.0,12,5,70.58823529411765,6.317981336766195,57.6236182162325,1.8717483090820082,,,,181.74981246580137,8.320679049451938,19.423110206170797,,86.45395815239462,60.606060606060595
Indonesia,IDN,2020,100.951933675872,96.9345779132931,38.1650601406923,102.119707703437,99.2865225014332,96.0,1.01593221347809,9.31964024456527,,778194.218833413,,,,3853.70288774146,68.817,56.2785287648768,274814866.0,13,4,76.47058823529412,4.017355762578902,58.7695177726008,2.833185202003804,,,,283.170350338112,8.257049211105436,19.431608218013537,,88.39769342590309,54.54545454545454
Indonesia,IDN,2021,100.309665446849,97.8441479813619,40.6293239880732,103.366819034154,98.3300036590485,,1.03221750658374,8.96559769031117,,420235.204818223,,,,4287.17313995098,67.452,56.8761702464027,276758053.0,12,5,70.58823529411765,2.465517465487096,57.2148239932887,5.036815375105505,,,,151.84208743447945,8.363616079722552,19.438654231207252,,87.36069512569671,54.54545454545454
Indonesia,IDN,2022,98.7008730463611,97.8167602714893,42.3260385456152,102.068055782043,100.68547920315,,0.863943349575907,8.70282050991956,,358046.028433468,,,,4730.83484836107,70.925,57.4934704226599,278830529.0,12,5,70.58823529411765,0.8841127748717952,55.4907217258741,1.3825765788930084,,,,128.40990895708842,8.462068323466625,19.446114735876925,,87.76873437269312,60.606060606060595
Indonesia,IDN,2023,98.1566275726904,96.0002120295081,44.8813034886441,99.9521715181012,97.6515105231315,,1.27517088245674,,,211984.970489349,,,,4876.30774512252,71.146,58.1179353397878,281190067.0,11,6,64.70588235294117,2.156415543182291,51.118908540864005,2.3006609949696895,,,,75.38849887231223,8.492348655036148,19.454541397220115,,87.32836502641506,60.606060606060595
Indonesia,IDN,2024,100.036318150714,98.836444459078,,,101.725245923963,,,,,310417.722365066,,,,4925.43048751861,71.288,58.7509635387997,283487931.0,8,9,47.05882352941176,1.1998736916360002,,,,,,109.49944897832918,8.502369965750999,19.462680112324808,,99.612148153026,60.606060606060595
Indonesia,IDN,2025,100.371428697375,97.1701841816,,,99.6596537255366,,,10.5571024660163,,250574.853046648,,,,,,,,5,12,29.411764705882355,3.201244515774988,,,,,,,,,,98.94327930237887,
Cambodia,KHM,2001,110.342948913574,20.176570892334,1.97913002967834,50.5637016296387,17.2120304107666,,1.6550600528717,11.3807897567749,6.05226,,,,0.835860013961792,327.500984314444,60.457,18.7186818716995,12658484.0,13,4,76.47058823529412,90.16637802124,18.197440862655657,33.3516712188721,,,,,5.794539834311178,16.353838299273043,83.5860013961792,45.58623905976614,21.21212121212121
Cambodia,KHM,2002,123.66854095459,23.8959407806396,2.33661007881165,59.0100212097168,24.1957397460938,,1.62863004207611,10.1375703811646,,,,,0.848770022392273,350.147276634294,61.395,18.803641734126,12855241.0,12,5,70.58823529411765,99.7726001739504,21.55933070182795,34.814281463623,,,,,5.861205727012642,16.369262223864713,84.8770022392273,49.052552342414856,24.242424242424242
Cambodia,KHM,2003,126.512390136719,27.8392200469971,3.01460003852844,65.0223922729492,28.1273097991943,,,,,89285.0,65790.0,23495.0,0.860019981861115,386.691123931778,62.345,18.8881765274479,13050968.0,13,4,76.47058823529412,98.6731700897219,24.82462000846866,36.895082473754904,42295.0,73.68538948311586,26.314610516884134,684.1254993499333,5.960208950248643,16.384372941849932,86.00199818611149,51.66758672396342,24.242424242424242
Cambodia,KHM,2004,129.020355224609,30.9775104522705,3.07344007492065,77.0745162963867,30.435489654541,73.6100006103516,1.56035995483398,12.4043102264404,,,,,0.876280009746552,444.199067529081,63.256,18.9813615262763,13244731.0,13,4,76.47058823529412,98.0428447723385,27.90407037734985,46.6390266418457,,,,,6.098521524900277,16.39911044643301,87.6280009746552,57.54270829473224,24.242424242424242
Cambodia,KHM,2005,129.551315307617,,3.77035999298096,87.1148071289062,33.8774909973145,,,,,,,,,525.797325120926,64.113,19.0922720052225,13439202.0,8,9,47.05882352941176,,,53.23731613159169,,,,,6.266815892257386,16.41368659070569,,56.190664529800415,27.272727272727277
Cambodia,KHM,2006,128.404861450195,39.1435394287109,6.20005989074707,89.2925796508789,36.4206581115723,,,,,103853.0,57770.0,46083.0,0.899569988250732,612.252648550727,64.886,19.2299832388976,13639028.0,13,4,76.47058823529412,89.26132202148409,32.94347953796383,52.871921539306605,11687.0,55.62670312846042,44.37329687153958,761.4398914644064,6.418777002005305,16.428446020162344,89.9569988250732,60.16897265116373,27.272727272727277
Cambodia,KHM,2007,127.717086791992,41.7365608215332,7.67417001724243,89.4033584594727,41.3929481506348,,1.36423003673553,11.1035099029541,,81760.0,54945.0,26815.0,0.903710007667542,731.692295125426,65.549,19.4035705019128,13841770.0,15,2,88.23529411764706,85.9805259704588,34.06239080429077,48.0104103088379,28130.0,67.20278864970646,32.797211350293544,590.6759034429846,6.596725825381715,16.44320146239505,90.3710007667542,61.763006369272894,27.272727272727277
Cambodia,KHM,2008,124.066017150879,44.2504997253418,8.92994976043701,86.4525985717773,46.2840194702148,76.870002746582,,,,93303.0,57441.0,35862.0,0.91483998298645,866.283999789749,66.147,19.6574509865325,14053479.0,14,3,82.35294117647058,79.81551742553721,35.320549964904785,40.1685791015625,21579.0,61.56393685090512,38.436063149094885,663.9138963384084,6.765366489220629,16.45838060990745,91.48399829864499,64.8958669389997,24.242424242424242
Cambodia,KHM,2009,123.781600952148,,10.6747398376465,86.5820083618164,,76.1399993896484,1.38576996326447,8.16524028778076,,,,,,875.748936193569,66.747,20.1979728726519,14276810.0,10,7,58.82352941176471,,,,,,,,6.776220675667477,16.474147170608507,,68.34918689727782,24.242424242424242
Cambodia,KHM,2010,123.357803344727,,12.1998596191406,88.2063369750977,49.2645988464355,,1.24872994422913,7.33747005462646,,124229.0,62141.0,62088.0,,952.274616324008,67.311,21.1232251168762,14500726.0,13,4,76.47058823529412,,,38.9417381286622,53.0,50.021331573143144,49.978668426856856,856.7088296130829,6.859903021980445,16.489709344064973,,62.41769886016844,21.21212121212121
Cambodia,KHM,2011,118.762440557356,,11.4902860215331,88.5418370843847,46.7198675033048,,1.20887994766235,7.33540010452271,,25105.0,,,,1088.98152823081,67.869,22.3824788531276,14722584.0,11,6,64.70588235294117,,,41.8219695810799,,,,170.52033800588265,6.993916028502356,16.50489326726017,,61.68799765230564,21.21212121212121
Cambodia,KHM,2012,115.41843697639,,,91.9260955834766,46.1269260563941,,1.23062002658844,7.19985008239746,,47785.0,35178.0,12607.0,,1192.80263041673,68.371,23.9411047582349,14945085.0,12,5,70.58823529411765,,,45.7991695270825,22571.0,73.6172439049911,26.38275609500889,319.737224646096,7.084898979130288,16.519893108116538,,79.35100721329023,21.21212121212121
Cambodia,KHM,2013,115.808136523857,,,92.4834012591547,44.7616163254161,79.6500015258789,1.57648003101349,9.59706974029541,,,,,,1305.6600972686,68.755,25.7644735090271,15170208.0,10,7,58.82352941176471,,,47.721784933738604,,,,,7.175229616503199,16.534844128421636,,79.22375477761243,24.242424242424242
Cambodia,KHM,2014,108.942219609284,,,93.364176038365,45.3190354475024,78.0599975585938,1.44690001010895,8.79160022735596,,166042.0,83645.0,82397.0,,1431.56396469993,69.117,27.8179557823331,15396772.0,13,4,76.47058823529412,,,48.0451405908626,1248.0,50.375808530371835,49.624191469628165,1078.4208534100524,7.26722110008759,16.549668499971595,,79.1858022611153,24.242424242424242
Cambodia,KHM,2015,103.759672683505,,13.615484963166,88.9599432999523,47.4980851157655,80.5299987792969,,,,160776.0,62580.0,98196.0,,1547.32010444393,69.398,30.0669222549819,15623251.0,12,5,70.58823529411765,,,41.4618581841868,-35616.0,38.92371995820272,61.07628004179728,1029.0815912770013,7.344925818588925,16.5642708753286,,66.12070243163615,30.303030303030305
Cambodia,KHM,2016,101.734266788056,,,85.2297273060017,46.6690204592374,,,,,199386.0,97285.0,102101.0,,1675.19555711109,69.635,32.4767436038024,15852803.0,10,7,58.82352941176471,,,38.560706846764305,-4816.0,48.79229233747605,51.20770766252395,1257.7334115613496,7.424281955089219,16.578856951158446,,77.29958258841303,33.33333333333333
Cambodia,KHM,2017,100.69503505776,48.9424458707368,12.5181529981862,83.9456029334234,51.4051946220451,,,,,229625.0,116767.0,112858.0,,1826.35391688754,69.842,35.0127905056235,16073372.0,12,5,70.58823529411765,51.7525891870232,36.424292872550595,32.5404083113783,3909.0,50.85117038649973,49.148829613500276,1428.6050245088584,7.510624252389229,16.592674609901806,,59.3622792848783,36.36363636363636
Cambodia,KHM,2018,99.6739108443274,50.199099715459,13.2671737077763,80.244617834389,53.3337928219134,,1.60336995124817,9.97500991821289,,222356.0,111501.0,110855.0,,2036.67377566578,69.993,37.6404336372742,16274522.0,14,3,82.35294117647058,49.474811128868396,36.9319260076827,26.910825012475605,646.0,50.14526255194372,49.85473744805627,1366.2828315326249,7.619564130148468,16.605111436873635,,59.34371898477302,39.3939393939394
Cambodia,KHM,2019,100.480819545412,49.7344518908574,12.9409846754696,81.4103628494242,52.2038558780602,87.6600036621094,2.13345387893978,12.1311067347546,,188935.0,94591.0,94344.0,,2225.87705485686,70.127,39.5830241256026,16481304.0,15,2,88.23529411764706,50.746367654554604,36.7934672153878,29.206506971364,247.0,50.06536639585043,49.934633604149575,1146.3595356289768,7.708355459113246,16.617737266203687,,63.99160982598679,39.3939393939394
Cambodia,KHM,2020,107.021018981934,51.8196983337402,13.8767573747135,89.3599624633789,53.9525108337402,82.5510430822563,2.2476462495972,11.0687719907488,,190883.0,97920.0,92963.0,1.00029003620148,2081.73914242939,70.059,39.832658030922,16725474.0,16,1,94.11764705882352,55.20132064819381,37.9429409590267,35.40745162963871,4957.0,51.29843935814085,48.701560641859146,1141.2710934231222,7.641439201747872,16.632443564173183,99.97099637985201,70.2187097810973,39.3939393939394
Cambodia,KHM,2021,105.282475574163,54.2809323078227,13.5005634857238,90.234069720081,53.6632243410972,71.9300003051758,1.96232691812756,9.34959951214734,,223795.998046875,108395.981201172,115400.016845703,1.03767263889313,2167.40324198499,69.301,40.1091858128847,16974305.0,16,1,94.11764705882352,51.0015432663403,40.7803688220989,36.5708453789838,-7004.035644530988,48.4351740635094,51.5648259364906,1318.4398303605067,7.681746342489746,16.647211346920844,96.23273611068699,68.54878946722678,39.3939393939394
Cambodia,KHM,2022,106.331544381276,55.1346812645406,14.6069513022825,87.2572415781805,57.9780116047917,,1.95793279576416,11.6742808441972,,320435.012695312,149082.000366211,171353.012329102,,2325.03050040841,70.528,40.374616187368,17201724.0,14,3,82.35294117647058,51.1968631167354,40.52772996225811,29.279229973388794,-22271.011962891003,46.52487851193924,53.47512148806107,1862.8075458908186,7.751918445807947,16.66052022745258,,62.99537714995906,39.3939393939394
Cambodia,KHM,2023,107.039014463223,56.7864734981041,17.4362364390629,87.630151233724,58.5358420192013,,2.1809128340295,12.0143851118856,,159915.60865639,84300.8250935406,75614.78356285,,2429.74853452838,70.668,40.6290788072508,17423880.0,14,3,82.35294117647058,50.2525409651189,39.350237059041206,29.09430921452271,8686.041530690592,52.71582042668357,47.284179573316806,917.79562678571,7.79595452780092,16.673352294471318,,64.07774063801847,42.42424242424242
Cambodia,KHM,2024,108.971332849667,58.7893230437643,21.4437426836662,90.9948884997473,61.5710216815543,,,11.233932287853,,76741.0456542969,46902.0029296875,29839.0427246094,,2627.87969756224,70.817,40.8727033252729,17638801.0,13,4,76.47058823529412,50.182009805902695,37.3455803600981,29.423866818193005,17062.9602050781,61.1172320233577,38.8827679766423,435.0695132526123,7.874313063911947,16.68561169240447,,66.55979518174641,42.42424242424242
Cambodia,KHM,2025,,,,,,,,11.5512463566271,,,,,,,,,,1,16,5.88235294117647,,,,,,,,,,,,
Lao PDR,LAO,2001,103.310859680176,35.1896514892578,3.04713988304138,66.6962966918945,36.0344009399414,68.7300033569336,1.9902800321579,9.94657039642334,,205213.0,114022.0,91191.0,0.813799977302551,320.316005439568,58.887,23.3728884682287,5521482.0,16,1,94.11764705882352,68.1212081909182,32.14251160621642,30.661895751953104,22831.0,55.562756745430356,44.437243254569644,3716.628977510024,5.772425079507834,15.524157041591089,81.3799977302551,55.86821287018912,18.18181818181818
Lao PDR,LAO,2002,105.233688354492,37.9458808898926,4.05916023254395,67.0953216552734,39.8345718383789,,2.82522010803223,15.2626600265503,9.20525,195839.0,109723.0,86116.0,0.816420018672943,313.350817148131,59.302,24.5247834668291,5610889.0,16,1,94.11764705882352,67.28780746459941,33.88672065734865,27.260749816894496,23607.0,56.027144746449885,43.97285525355011,3490.3381620987334,5.750509614310759,15.54021991019234,81.6420018672943,55.096156080563865,15.151515151515152
Lao PDR,LAO,2003,107.481590270996,40.6808013916016,4.79725980758667,66.6697769165039,42.6177787780762,,,,,175441.0,99559.0,75882.0,0.821150004863739,355.097216151461,59.643,25.5945881340707,5697945.0,13,4,76.47058823529412,66.80078887939439,35.88354158401493,24.051998138427706,23677.0,56.74785255442001,43.25214744558,3079.0223492855757,5.875203772649863,15.555616316985606,82.1150004863739,56.14676956335705,18.18181818181818
Lao PDR,LAO,2004,108.649421691895,42.5078582763672,5.579430103302,66.7765579223633,44.6698684692383,,2.41300010681152,15.8750801086426,,172805.0,95959.0,76846.0,0.828230023384094,409.296298284117,60.08,26.5371091732139,5781626.0,15,2,88.23529411764706,66.1415634155278,36.9284281730652,22.106689453124993,19113.0,55.53022192644889,44.46977807355111,2988.8650701377087,6.016879577433562,15.570195688927551,82.8230023384094,57.059452851613365,18.18181818181818
Lao PDR,LAO,2005,110.026527404785,42.9863014221191,7.60128021240234,69.1728973388672,44.2967796325684,72.6999969482422,2.4140899181366,14.1292695999146,,166674.0,92044.0,74630.0,0.83050000667572,466.061506997741,60.688,27.3224977292697,5869523.0,16,1,94.11764705882352,67.0402259826659,35.385021209716754,24.8761177062988,17414.0,55.22397014531361,44.77602985468639,2839.6515355677116,6.146460955629618,15.585284098226676,83.050000667572,59.97246517453875,18.18181818181818
Lao PDR,LAO,2006,110.817306518555,42.2330513000488,8.78625965118408,72.6434326171875,42.6877212524414,,2.95879006385803,17.7623596191406,,161206.0,89690.0,71516.0,0.839119970798492,579.391947440719,61.074,28.0378756242097,5963200.0,15,2,88.23529411764706,68.5842552185062,33.44679164886472,29.9557113647461,18174.0,55.63688696450504,44.363113035494955,2703.3471961363025,6.36370364675927,15.601117975402314,83.9119970798492,58.37707698345182,21.21212121212121
Lao PDR,LAO,2007,112.471809387207,43.0343399047852,11.2626600265503,75.1448974609375,42.940601348877,,3.07841992378235,18.1017894744873,,139022.0,77835.0,61187.0,0.846859991550446,697.323013673925,61.694,28.7343050001346,6056236.0,15,2,88.23529411764706,69.4374694824218,31.7716798782349,32.2042961120605,16648.0,55.98754154018788,44.012458459812116,2295.5182063578764,6.548681766023701,15.616599208076082,84.6859991550446,59.51141631603244,27.27272727272727
Lao PDR,LAO,2008,114.984016418457,44.126880645752,13.0783004760742,77.3106689453125,44.6135101318359,,2.27854990959167,13.0052099227905,,119624.0,66964.0,52660.0,0.857999980449677,885.747376088762,62.248,29.4034348148069,6148969.0,15,2,88.23529411764706,70.85713577270499,31.048580169677805,32.6971588134766,14304.0,55.97873336454223,44.02126663545777,1945.4318276771278,6.787560134629068,15.631795146081616,85.7999980449677,60.82155970732372,33.33333333333333
Lao PDR,LAO,2009,117.407089233398,45.6930198669434,16.2123508453369,79.8850708007812,47.6905097961426,,1.65485000610352,7.46309995651245,7.56247,100285.0,55501.0,44784.0,0.869960010051727,935.03237283283,63.023,30.0420311503825,6241642.0,16,1,94.11764705882352,71.7140693664546,29.480669021606502,32.194561004638594,10717.0,55.34327167572418,44.65672832427581,1606.7086193024209,6.841650062239359,15.646754006969962,86.9960010051727,62.746158719062805,30.303030303030305
Lao PDR,LAO,2010,119.705680847168,47.3594398498535,16.6638298034668,82.9912033081055,42.9314804077148,,1.70978999137878,7.24696016311646,7.34751,63159.0,37482.0,25677.0,0.881879985332489,1125.91610151261,63.69,30.6468600890172,6334194.0,16,1,94.11764705882352,72.3462409973145,30.6956100463867,40.059722900390696,11805.0,59.34546145442455,40.654538545575456,997.1118661663978,7.027240067180488,15.661473291839863,88.1879985332489,63.02232531706492,36.36363636363636
Lao PDR,LAO,2011,119.074599302583,46.3030907447649,17.4954696423161,88.8513579730692,44.6443004597793,,1.70801997184753,8.2595796585083,7.98237,60276.0,34750.0,25526.0,0.894001066684723,1361.54704394913,64.505,31.2146877128668,6426590.0,16,1,94.11764705882352,72.7715085578181,28.807621102448802,44.2070575132899,9224.0,57.65146990510319,42.34853009489681,937.9157531443581,7.217111053610419,15.67595478455033,89.4001066684723,64.44905424806696,36.36363636363636
Lao PDR,LAO,2012,118.414315740965,49.0350189208984,17.330766926856,92.3112588922596,46.9993716661542,,1.82147002220154,7.36839008331299,7.79207,55859.0,32607.0,23252.0,0.904760003089905,1563.5650771337,65.126,31.7422801040872,6518978.0,16,1,94.11764705882352,69.3792968200666,31.7042519940424,45.311887226105405,9355.0,58.37376250917489,41.62623749082511,856.8674414915957,7.355363158366373,15.69022832654852,90.4760003089905,66.0254027858598,36.36363636363636
Lao PDR,LAO,2013,118.408152699995,52.6759359354755,18.9224448772621,97.6909883464738,49.4822332317581,,3.23380994796753,13.341010093689,14.51405,36943.0,22742.0,14201.0,0.914771437644959,1812.51774424651,65.723,32.2264033448341,6611385.0,16,1,94.11764705882352,65.7322167645195,33.7534910582134,48.2087551147157,8541.0,61.55970007849931,38.440299921500696,558.7785312759731,7.503023743205836,15.704303872147154,91.4771437644959,68.37479102591091,36.36363636363636
Lao PDR,LAO,2014,117.425464096562,58.0247383117676,18.4954952643985,99.6774414463772,53.6639604893689,,2.93781995773315,11.7573499679565,12.53244,29481.0,18532.0,10949.0,0.927744090557098,1981.03910900473,66.35,32.6638235172635,6703172.0,16,1,94.11764705882352,59.400725784794396,39.5292430473691,46.013480957008305,7583.0,62.86082561649876,37.13917438350124,439.8067064368929,7.591881446786444,15.718091554346142,92.7744090557098,70.43934076127033,36.36363636363636
Lao PDR,LAO,2015,114.302879123065,62.2967936554274,18.1574846273063,100.973160602492,60.1120365790072,84.6600036621094,2.73689787884215,10.4693968971705,,35907.0,21040.0,14867.0,0.937261164188385,2121.01339097363,66.688,33.1240204432199,6801645.0,16,1,94.11764705882352,52.0060854676376,44.139309028121104,40.8611240234848,6173.0,58.595816971621126,41.40418302837887,527.9164084570718,7.660120629697669,15.732675199678354,93.7261164188385,74.13606213466983,36.36363636363636
Lao PDR,LAO,2016,110.502812681423,64.7630026961054,17.0880719461771,99.7526047861459,64.5179865862746,,2.77442976110388,12.8905072664164,,39411.0,23607.0,15804.0,0.938601553440094,2303.22156035363,67.014,33.8267455533474,6908802.0,15,2,88.23529411764706,45.73980998531759,47.67493074992831,35.23461819987129,7803.0,59.899520438456264,40.100479561543736,570.4462220801812,7.742498180540314,15.74830695353134,93.8601553440094,73.3303035597854,36.36363636363636
Lao PDR,LAO,2017,107.444972491228,66.0411073482017,15.4112577339384,101.054475670832,68.1382581519484,73.7200012207031,2.49797261414021,11.4389355996144,,47181.0,26684.0,20497.0,0.944714486598969,2432.43059478511,67.345,34.5115346444216,7018147.0,16,1,94.11764705882352,41.403865143026295,50.62984961426331,32.9162175188836,6187.0,56.55666475911914,43.44333524088086,672.2714699478367,7.79705730812921,15.764009923532175,94.4714486598969,73.96886758781264,33.33333333333333
Lao PDR,LAO,2018,104.275413158198,66.1528570578416,14.4969749098337,98.4586280857413,66.2468426457934,,2.33501229018316,11.1683780140713,,51275.0,28985.0,22290.0,0.948159754276276,2545.1075420815,67.594,35.2050070032013,7128045.0,15,2,88.23529411764706,38.122556100356405,51.655882148007905,32.2117854399479,6695.0,56.528522671867385,43.47147732813262,719.3416988809695,7.842321017848811,15.77954770153508,94.81597542762759,73.36187968780627,33.33333333333333
Lao PDR,LAO,2019,101.978544594664,64.986385458831,13.7404020217342,93.5781951138441,64.7872414031689,,2.12201393748998,10.831620568327,,50262.0,28420.0,21842.0,0.951043486595154,2589.32081035237,67.911,35.9072880879451,7237636.0,15,2,88.23529411764706,36.992159135833006,51.2459834370968,28.790953710675197,6578.0,56.543710954597906,43.456289045402094,694.4532717589003,7.859537012023862,15.794805329872489,95.10434865951541,72.0327621095156,33.33333333333333
Lao PDR,LAO,2020,100.27766790602,62.4493058083911,12.561911777868,90.7867199075151,61.6923234460866,,1.91597273223857,10.6622210924187,,52166.0,28641.0,23525.0,0.956714570522308,2583.77730696131,68.339,36.6185033569111,7346533.0,15,2,88.23529411764706,37.8283620976289,49.887394030523105,29.09439646142851,5116.0,54.903577042518116,45.096422957481884,710.076440138498,7.857394635054119,15.809739195341605,95.6714570522308,70.52695299868195,33.33333333333333
Lao PDR,LAO,2021,99.1101994809825,59.8530595325837,12.4396649191011,89.6962813896803,60.9252133738928,,1.85949176876536,11.5062064227785,,53689.0,28948.0,24741.0,0.963008999824524,2526.05105018529,67.807,37.338778268357,7453194.0,15,2,88.23529411764706,39.2571399483988,47.4133946134826,28.771068015787492,4207.0,53.917934772485985,46.08206522751402,720.3488866652337,7.834808309077803,15.824153357482382,96.3008999824524,69.7208864464488,36.36363636363636
Lao PDR,LAO,2022,95.6988495024876,56.8782044614964,13.677811550152,88.2502219689641,58.1785953177258,,1.46083440434069,9.82493417180385,,72541.0,37289.0,35252.0,,2046.40440255621,68.715,38.0682382805397,7559007.0,14,3,82.35294117647058,38.8206450409912,43.2003929113444,30.071626651238297,2037.0,51.40403358100936,48.595966418990635,959.6630880220114,7.624328124798983,15.838250522614803,,62.53673656016518,27.27272727272727
Lao PDR,LAO,2023,95.0382534939216,54.4330611689851,14.8841695785522,88.83898879882,54.6557731587168,75.6399993896484,1.23375160355741,9.80367188386072,,73926.0,37585.0,36341.0,,2066.94979776957,68.964,38.8070088517156,7664993.0,15,2,88.23529411764706,40.6051923249365,39.5488915904329,34.1832156401032,1244.0,50.841381922463,49.158618077537,964.462720318205,7.634312959593606,15.85217428750888,,63.91504093144068,30.303030303030305
Lao PDR,LAO,2024,93.8514019047136,51.8523602531839,,87.2513184690094,51.0205851354777,,,8.24155131370129,,81506.0,40714.0,40792.0,,2123.97909415109,69.225,39.5552154401406,7769819.0,12,5,70.58823529411765,41.999041651529694,,36.2307333335317,-78.0,49.9521507619071,50.0478492380929,1049.0077053274986,7.661517243263577,15.865757556052328,,70.99391644059615,30.303030303030305
Lao PDR,LAO,2025,93.1435250140429,50.5430058959811,,85.2487998761162,49.2782611594493,,,,,82273.0,40481.0,41792.0,,,,,,7,10,41.17647058823529,42.60051911806179,,35.970538716666894,-1311.0,49.2032623096277,50.7967376903723,,,,,69.55339798639737,
Myanmar,MMR,2001,99.7626495361328,40.303840637207,11.6847896575928,78.5111236572266,36.4159507751465,,,,,320916.0,136076.0,184840.0,0.961210012435913,141.525660705722,60.64,27.7107064116875,45771139.0,13,4,76.47058823529412,59.458808898925795,28.6190509796142,42.09517288208011,-48764.0,42.402373206695835,57.597626793304165,701.1317765109582,4.959522058624999,17.639164319464065,96.1210012435913,60.4665592511495,30.303030303030305
Myanmar,MMR,2002,99.8293304443359,41.8484497070312,,78.6851806640625,37.2439002990723,,,,,420356.0,171756.0,248600.0,0.964699983596802,146.598390364449,60.925,27.8849700456368,46232653.0,12,5,70.58823529411765,57.980880737304695,,41.4412803649902,-76844.0,40.85965229472161,59.14034770527839,909.2188588009432,4.9944950067169955,17.649196902925727,96.4699983596802,70.81537189483643,27.27272727272727
Myanmar,MMR,2003,102.38102722168,42.1795806884766,,80.3358001708984,37.1637992858887,,,,,297882.0,109144.0,188738.0,0.967809975147247,224.292688912409,61.196,28.0568026064444,46667192.0,12,5,70.58823529411765,60.2014465332034,,43.172000885009695,-79594.0,36.64001181675965,63.35998818324035,638.3113858661134,5.417400396456318,17.658551970413296,96.7809975147247,71.29203553199768,27.27272727272727
Myanmar,MMR,2004,103.697303771973,45.0282783508301,,82.6052398681641,41.943000793457,,,,,311270.0,116039.0,195231.0,0.966489970684052,224.508811413327,61.443,28.2256085278922,47068772.0,12,5,70.58823529411765,58.6690254211429,,40.6622390747071,-79192.0,37.27921097439522,62.72078902560479,661.3089459822746,5.418359233182993,17.667120345478605,96.6489970684052,73.24510321617127,27.27272727272727
Myanmar,MMR,2005,104.437133789062,45.6932487487793,,,41.0697708129883,,,,,259350.0,81873.0,177477.0,0.986660003662109,252.685193060728,61.72,28.390792243762,47438365.0,11,6,64.70588235294117,58.743885040282706,,,-95604.0,31.56853672643146,68.43146327356854,546.7093986059596,5.536094100931666,17.674941868552963,98.66600036621091,71.35725498199463,27.27272727272727
Myanmar,MMR,2006,105.169502258301,47.5437698364258,,88.9601821899414,42.610538482666,,,,,221922.0,76842.0,145080.0,0.982299983501434,303.495087119254,62.026,28.5517581878355,47785135.0,12,5,70.58823529411765,57.62573242187519,,46.349643707275405,-68238.0,34.62567929272447,65.37432070727553,464.4163922525279,5.71865495276447,17.682225186759773,98.2299983501434,75.46889777183533,27.27272727272727
Myanmar,MMR,2007,106.169532775879,47.3708114624023,11.0508098602295,90.0776901245117,40.8288383483887,,,,,366449.0,,,,419.375780725042,62.367,28.7079107938945,48125043.0,10,7,58.82352941176471,58.798721313476705,36.3200016021728,49.248851776123004,,,,761.4517871703512,6.041149027269633,17.689313264857518,,57.86562995910644,21.21212121212121
Myanmar,MMR,2008,108.062278747559,49.9790115356445,,92.2453308105469,,,,,,89894.0,6653.0,83241.0,,658.442487229705,56.364,28.8586544957208,48390793.0,10,7,58.82352941176471,58.0832672119145,,,-76588.0,7.400938883573987,92.59906111642601,185.7667428595353,6.491394761727971,17.69482014698372,,80.74144744873047,18.18181818181818
Myanmar,MMR,2009,108.319793701172,49.9621315002441,,92.6332778930664,45.4112815856934,,,,,79238.0,13676.0,65562.0,0.991249978542328,758.442935789255,63.095,29.0033937270962,48660459.0,12,5,70.58823529411765,58.357662200927905,,47.221996307373004,-51886.0,17.259395744466037,82.74060425553395,162.83857906067018,6.632585185295102,17.70037734862474,99.1249978542328,77.42633776664734,18.18181818181818
Myanmar,MMR,2010,109.490142822266,50.8663902282715,,93.7378997802734,45.8741302490234,,,,,65967.0,,,1.00769996643066,1010.53417343401,63.479,29.1415329218024,49024382.0,10,7,58.82352941176471,58.623752593994496,,47.86376953124999,,,,134.55957486623697,6.919223440944676,17.70782834455188,99.23000335693399,77.94168472290045,18.18181818181818
Myanmar,MMR,2011,,,14.3246002197266,,,,0.787440001964569,5.38150978088379,,,,,,1213.62898703376,63.859,29.2724765136213,49419820.0,7,10,41.17647058823529,,,,,,,,7.102193948676607,17.7158621365028,,14.3246002197266,18.18181818181818
Myanmar,MMR,2012,,,13.7377004623413,,,,,,,,,,,1202.6658960055,64.251,29.3956289363345,49837446.0,5,12,29.411764705882355,,,,,,,,7.093127092347858,17.72427720721495,,13.7377004623413,18.18181818181818
Myanmar,MMR,2013,,,,,,,,,,,,,,1199.09561597055,64.617,29.5103946237239,50262658.0,4,13,23.52941176470588,,,,,,,,7.090156512577269,17.732772993574855,,,12.121212121212121
Myanmar,MMR,2014,115.448463439941,57.1178512573242,,,54.1289100646973,90.3600006103516,,,,,,,0.988409996032715,1293.00042319714,64.994,29.6164342116462,50681634.0,9,8,52.94117647058824,58.3306121826168,,,,,,,7.165493802106496,17.74107417414387,98.8409996032715,80.08955230712891,18.18181818181818
Myanmar,MMR,2015,,,,,,,,,,,,,,1166.73305547935,65.288,29.7166821191682,51089056.0,4,13,23.52941176470588,,,,,,,,7.062819588876041,17.749080883512836,,,12.121212121212121
Myanmar,MMR,2016,119.916152954102,67.7588500976562,,,60.7176704406738,84.7799987792969,,,,,,,1.01693999767303,1229.19713491328,65.64,29.8129165582094,51495696.0,9,8,52.94117647058824,52.15730285644581,,,,,,,7.114929707811452,17.757008808745127,98.306000232697,82.31250391006478,15.151515151515152
Myanmar,MMR,2017,121.799392700195,72.3457412719727,,,68.8656005859375,,2.16652989387512,10.1906204223633,11.39294,,,,1.00469994544983,1272.82241815234,65.909,29.9051727703437,51894938.0,11,6,64.70588235294117,49.4536514282223,,,,,,,7.149777437211146,17.764731828930408,99.530005455017,85.18533682823181,18.18181818181818
Myanmar,MMR,2018,120.214569091797,77.0191497802734,20.3723297119141,105.356811523438,73.7979125976562,95.8142859113662,1.99249005317688,10.1159400939941,10.30288,,,,1.01078999042511,1298.21310327675,66.232,29.993574050729,52272247.0,14,3,82.35294117647058,43.19541931152361,56.64682006835929,31.558898925781804,,,,,7.169514055006761,17.77197615722557,98.92100095748899,80.84638270838556,18.18181818181818
Myanmar,MMR,2019,,,,,,89.0699996948242,1.99976003170013,9.74240970611572,,,,,,1425.98954241668,66.457,30.0782436945232,52640713.0,7,10,41.17647058823529,,,,,,,,7.263322289080453,17.779000408719135,,89.0699996948242,12.121212121212121
Myanmar,MMR,2020,,,,,,93.527395549521,,,,,,,,1490.21683599469,66.612,30.1593049968842,53016522.0,5,12,29.411764705882355,,,,,,,,7.307347734100083,17.786114177647974,,93.527395549521,12.121212121212121
Myanmar,MMR,2021,,,,,,,,,,,,,,1242.7213439951,65.553,30.2368812529698,53387102.0,4,13,23.52941176470588,,,,,,,,7.125863248203438,17.7930797579066,,,12.121212121212121
Myanmar,MMR,2022,,,,,,,,,,,,,,1158.05005055976,66.506,30.311095757938,53756787.0,4,13,23.52941176470588,,,,,,,,7.055356026669426,17.799980505370435,,,12.121212121212121
Myanmar,MMR,2023,,,,,,,,,,,,,,1233.19666209269,66.889,30.3820718069466,54133798.0,4,13,23.52941176470588,,,,,,,,7.1181755613724444,17.80696929920349,,,12.121212121212121
Myanmar,MMR,2024,,,,,,,,,,,,,,1359.05001560107,67.095,30.4499084074136,54500091.0,4,13,23.52941176470588,,,,,,,,7.2152767542311285,17.813712947705444,,,15.151515151515152
Myanmar,MMR,2025,,,,,,,,,,,,,,,,,,0,17,0.0,,,,,,,,,,,,
Malaysia,MYS,2001,95.4063110351562,75.6187362670898,26.960880279541,,83.1688232421875,,7.48446989059448,24.3485202789307,26.3833,154096.0,54935.0,99161.0,1.03576004505157,3943.79943910239,73.08,63.0180877676224,23526538.0,15,2,88.23529411764706,19.787574768066392,48.6578559875488,,-44226.0,35.64985463607102,64.35014536392897,654.9879969590086,8.28015339272333,16.973639661062144,96.423995494843,75.5157492637635,81.81818181818183
Malaysia,MYS,2002,92.926628112793,75.0011596679688,28.92991065979,89.6622695922852,82.3731231689453,,7.65792989730835,25.903600692749,27.00911,229189.0,96057.0,133132.0,1.04010999202728,4184.03163773539,73.469,64.056368465184,24102477.0,16,1,94.11764705882352,17.92546844482419,46.07124900817881,7.289146423339901,-37075.0,41.91169733276902,58.08830266723098,950.8939682838406,8.339269542688402,16.99782521475187,95.989000797272,77.48034866650906,81.81818181818183
Malaysia,MYS,2003,93.3964691162109,80.088996887207,31.2641696929932,89.1887664794922,91.94384765625,,7.50288009643555,24.5424404144287,25.10558,224818.0,94482.0,130336.0,1.05480003356934,4465.32194567208,73.727,65.0750932867555,24679602.0,16,1,94.11764705882352,13.307472229003892,48.8248271942138,-2.7550811767577983,-35854.0,42.02599435988222,57.97400564011779,910.9466189932886,8.404320517950575,17.02148767097257,94.51999664306601,80.06704107920322,81.81818181818183
Malaysia,MYS,2004,96.0182037353516,80.5677719116211,29.779899597168,92.4733581542969,86.3433074951172,,5.92389011383057,21.0129203796387,20.26725,142038.0,51769.0,90269.0,1.05432999134064,4939.24851854427,74.027,66.0647889111941,25256772.0,16,1,94.11764705882352,15.450431823730511,50.7878723144531,6.130050659179702,-38500.0,36.4472887537138,63.55271124628621,562.3759045692775,8.505170916314219,17.044604915340127,94.567000865936,79.95825695991513,81.81818181818183
Malaysia,MYS,2005,97.1333618164062,76.2537536621094,27.1163005828857,96.5558395385742,80.9721069335938,,,,,107279.0,34147.0,73132.0,1.04351997375488,5555.58179951206,74.37,67.0159820173565,25836071.0,13,4,76.47058823529412,20.87960815429679,49.137453079223704,15.583732604980398,-38985.0,31.830087901639647,68.16991209836036,415.22954477095215,8.622738413926873,17.06728221293972,95.648002624512,78.94656085968022,81.81818181818183
Malaysia,MYS,2006,97.8367385864258,75.8026123046875,27.6703605651856,94.891357421875,82.1086807250977,,4.48576021194458,16.745569229126,13.8087,178184.0,48921.0,129263.0,1.03987002372742,6158.40785533236,74.697,67.9191992840997,26417909.0,16,1,94.11764705882352,22.034126281738295,48.132251739501896,12.782676696777301,-80342.0,27.455327077627622,72.54467292237237,674.4818448727339,8.725735924525923,17.08955274719203,96.01299762725799,79.05379120508826,81.81818181818183
Malaysia,MYS,2007,98.3626403808594,74.2519378662109,29.375789642334,95.7666091918945,83.2186584472656,,4.37253999710083,16.1246604919434,13.77379,146936.0,40470.0,106466.0,1.03830003738403,7168.93031942508,74.961,68.7649673902807,26998389.0,16,1,94.11764705882352,24.11070251464851,44.876148223876896,12.547950744628906,-65996.0,27.542603582512115,72.45739641748789,544.2398803869371,8.877651215195687,17.111287792561058,96.16999626159699,79.52427196502691,84.84848484848484
Malaysia,MYS,2008,98.6990509033203,74.8359527587891,32.9037017822266,99.7894134521484,83.3526229858398,,3.95851993560791,14.0386400222778,11.99764,138396.0,48908.0,89488.0,1.04065001010895,8371.82156086005,75.151,69.5438130147565,27570059.0,16,1,94.11764705882352,23.863098144531193,41.93225097656251,16.436790466308594,-40580.0,35.339171652359894,64.6608283476401,501.9793392534996,9.032746210722125,17.132240959276174,95.934998989105,80.9192901452382,84.84848484848484
Malaysia,MYS,2009,98.7940902709961,75.0242767333984,35.0602111816406,102.015983581543,82.9303817749023,,5.97418022155762,18.4646301269531,21.34924,130737.0,24871.0,105866.0,1.0393500328064,7191.43287234626,75.269,70.2462628363839,28124778.0,16,1,94.11764705882352,23.7698135375977,39.9640655517578,19.085601806640696,-80995.0,19.023688779763955,80.97631122023604,464.8463358537443,8.880784762375026,17.15216156068021,96.06499671936,81.3123261133829,84.84848484848484
Malaysia,MYS,2010,98.8697814941406,77.2140274047852,36.6774305573553,98.8521499633789,84.4771728515625,93.120002746582,4.96645021438599,18.4062309265137,18.05817,151224.0,55835.0,95389.0,1.03811001777649,8899.34505544675,75.376,70.8625314831025,28655776.0,17,0,100.0,21.655754089355398,40.5365968474299,14.374977111816406,-39554.0,36.92204941014654,63.07795058985346,527.7260682104718,9.0938453252436,17.170865621286968,96.188998222351,83.62850903430792,84.84848484848484
Malaysia,MYS,2011,98.855643801119,77.5925369262695,35.5661790570975,99.3003235082674,86.6200953705401,,5.76293992996216,20.9770202636719,19.1991,166212.0,56339.0,109873.0,1.0424599647522,10217.1068585031,75.488,71.4245166681964,29162039.0,16,1,94.11764705882352,21.2631068748495,42.026357869172,12.680228137727298,-53534.0,33.89586792770679,66.10413207229323,569.9601457909031,9.23191660770483,17.188378421505462,95.75400352478,82.28146369801225,84.84848484848484
Malaysia,MYS,2012,98.7042528833624,81.2371978759766,36.825516807355,104.016576005483,86.9308836521127,,5.73902988433838,19.8511600494385,20.8482,175024.0,62419.0,112605.0,1.02717995643616,10600.5744240026,75.552,71.9680127926087,29662831.0,16,1,94.11764705882352,17.467055007385795,44.411681068621604,17.085692353370305,-50186.0,35.66310905932901,64.336890940671,590.044827481234,9.26875779963687,17.205405372246748,97.28200435638401,83.49664259586511,81.81818181818183
Malaysia,MYS,2013,98.9066848845224,80.938362121582,38.0700970900265,98.8378891974858,82.4879342688043,,5.48122978210449,19.454309463501,20.06423,179814.0,64936.0,114878.0,1.03311002254486,10713.6407638899,75.464,72.4882717118078,30174265.0,16,1,94.11764705882352,17.968322762940403,42.8682650315555,16.3499549286815,-49942.0,36.112872190152046,63.887127809847954,595.9184092802261,9.279366380877141,17.222499999879854,96.688997745514,82.65499421798916,81.81818181818183
Malaysia,MYS,2014,97.15563448844,83.2836303710938,38.3919142029325,96.9399866847297,81.3589478661366,,5.21264982223511,19.8005599975586,,229155.0,94986.0,134169.0,1.04203999042511,11013.3107334403,75.345,72.9802206910773,30696137.0,15,2,88.23529411764706,13.872004117346194,44.89171616816131,15.5810388185931,-39183.0,41.45054657328009,58.54945342671991,746.5271607303551,9.306950682012102,17.239647406598586,95.79600095748899,82.15435242847026,81.81818181818183
Malaysia,MYS,2015,95.6311535513474,81.5115814208984,44.289909239243,94.1270061120049,81.9432050445749,,4.89487981796265,19.8107299804688,,254960.0,99314.0,155646.0,1.04466998577118,9648.6797937523,75.288,73.4387869957006,31232798.0,15,2,88.23529411764706,14.119572130449,37.22167218165539,12.18380106743001,-56332.0,38.95277690618136,61.04722309381864,816.3213555186443,9.174680011787917,17.25697935060338,95.533001422882,82.17264279849176,81.81818181818183
Malaysia,MYS,2016,96.2219697129545,79.8283920288086,45.4034659569972,90.0391703159198,78.2724675383393,94.879997253418,4.75191020965576,20.7891407012939,21.14754,258741.0,106312.0,152429.0,1.03882002830505,9476.53409809923,75.371,73.8588978909614,31789685.0,17,0,100.0,16.39357768414591,34.42492607181139,11.766702777580505,-46117.0,41.08819243954379,58.91180756045621,813.9149538600335,9.156679445178714,17.274652455518293,96.11799716949501,82.96620856799034,81.81818181818183
Malaysia,MYS,2017,96.2574604579347,78.8863677978516,42.293211695146,89.9368288858535,76.9440224215558,95.0800018310547,4.6753101348877,21.2099094390869,22.59321,254364.0,102305.0,152059.0,1.03454005718231,9862.54806612235,75.542,74.2354806421432,32355644.0,17,0,100.0,17.371092660083093,36.593156102705606,12.9928064642977,-49754.0,40.21992105801135,59.78007894198865,786.1503235726045,9.196601227302516,17.292299061369842,96.545994281769,82.27769819588075,81.81818181818183
Malaysia,MYS,2018,95.7761544783431,74.4872817993164,43.3100279300797,91.2078079760904,73.1435548327853,94.8499984741211,4.47865009307861,19.6432590484619,22.81098,250219.0,101332.0,148887.0,1.04651999473572,10901.8019954421,75.734,74.5634625145296,32910967.0,17,0,100.0,21.288872679026696,31.177253869236708,18.064253143305095,-47555.0,40.497324343874766,59.502675656125234,760.2906350336044,9.296775098984025,17.309316534039066,95.348000526428,81.16040371673772,81.81818181818183
Malaysia,MYS,2019,94.3275054202176,75.3229827880859,40.8082966813944,90.203100362005,73.9009248486187,94.9700012207031,4.15775012969971,17.6363105773926,,354480.0,150870.0,203610.0,1.04038000106812,10920.191763972,75.9,74.8377707734042,33440596.0,16,1,94.11764705882352,19.00452263213171,34.51468610669149,16.302175513386302,-52740.0,42.56093432633717,57.439065673662824,1060.028954029408,9.298460379238879,17.325281198892228,95.96199989318801,80.78497303060182,84.84848484848484
Malaysia,MYS,2020,93.1800129351047,73.2459411621094,39.7445667367633,94.0461286908254,75.1532775359419,,3.91176009178162,15.6218795776367,,389154.0,164351.0,224803.0,1.03951001167297,9957.52626697613,76.057,75.0511895575672,33889558.0,15,2,88.23529411764706,19.934071772995296,33.5013744253461,18.892851154883502,-60452.0,42.23289494647363,57.76710505352637,1148.3006063401594,9.20618437446768,17.33861753081046,96.04899883270299,78.5698209822413,84.84848484848484
Malaysia,MYS,2021,92.5769881927004,74.9618181140898,38.1899993008367,90.6984530659665,79.5298539227476,,4.26109393398867,20.4625782848639,,404416.0,169643.0,234773.0,,10903.1037480772,73.917,75.5088628191907,34282399.0,14,3,82.35294117647058,17.615170078610603,36.77181881325309,11.168599143218898,-65130.0,41.94764796645038,58.05235203354962,1179.6607349444828,9.296894488011699,17.35014266091176,,75.19142251926822,78.7878787878788
Malaysia,MYS,2022,89.7872630978958,78.8341986282999,36.9853099297291,84.4996360102387,79.4433381358343,95.7699966430664,3.49933781956284,20.1496790295371,,419775.0,180569.0,239206.0,,11754.5678336248,75.444,75.9741357073003,34695493.0,15,2,88.23529411764706,10.953064469595901,41.8488886985708,5.056297874404407,-58637.0,43.01566315287952,56.984336847120474,1209.883370154158,9.372082265517806,17.3621203805773,,77.5532904075107,87.87878787878788
Malaysia,MYS,2023,91.5021106685076,79.4472788704033,37.2745812491757,91.8132677411604,81.8215467527372,,3.51481008529663,14.1005201339722,,308987.0,126620.0,182367.0,,11386.0395636528,76.657,76.4434752105739,35126298.0,14,3,82.35294117647058,12.054831798104303,42.1726976212276,9.991720988423197,-55747.0,40.97907031687417,59.02092968312582,879.6457856162355,9.34023110726253,17.374460667140763,,76.37175705639685,87.87878787878788
Malaysia,MYS,2024,90.3595586965317,80.2757406864183,38.5013945445142,87.7397769648065,81.4668316291256,,,,,404724.0,181582.0,223142.0,,11874.4273684245,76.821,76.9170296648992,35557673.0,12,5,70.58823529411765,10.083818010113404,41.774346141904104,6.272945335680902,-41560.0,44.86563682904893,55.134363170951076,1138.2184655334447,9.382226617175213,17.386666555896934,,75.66866050427925,87.87878787878788
Malaysia,MYS,2025,,,,,,,,,,,,,,,,,,0,17,0.0,,,,,,,,,,,,
Philippines,PHL,2001,103.305671691895,70.5786285400391,28.6476802825928,95.339241027832,64.0594787597656,,2.92463994026184,13.9159097671509,9.08819,1722199.0,723926.0,998273.0,1.03031003475189,969.530611744453,67.829,39.5375185608843,81401488.0,16,1,94.11764705882352,32.727043151855895,41.9309482574463,31.279762268066406,-274347.0,42.03497969746818,57.96502030253182,2115.684912295461,6.877842944352168,18.214904123188756,96.96899652481099,75.93233752250676,60.606060606060595
Philippines,PHL,2002,102.620742797852,74.9138336181641,28.3481502532959,89.2527008056641,65.0148315429688,,2.89222002029419,14.0689296722412,8.92556,1691305.0,678568.0,1012737.0,1.02637994289398,1014.90879320106,67.886,39.9553922931877,83068889.0,16,1,94.11764705882352,27.706909179687898,46.56568336486821,24.2378692626953,-334169.0,40.12097167571787,59.87902832428213,2036.0269895989582,6.92353885363742,18.23518082150135,97.362005710602,75.81525365511582,60.606060606060595
Philippines,PHL,2003,102.732582092285,76.8219680786133,27.230110168457,89.1121368408203,68.1813583374023,92.5899963378906,2.93517994880676,14.380220413208,9.83623,1754918.0,730731.0,1024187.0,1.02481997013092,1027.2301192843,68.049,40.3928506135438,84731835.0,17,0,100.0,25.910614013671704,49.59185791015629,20.930778503417997,-293456.0,41.63903954486762,58.36096045513237,2071.143626241542,6.935594272407986,18.255001956770283,97.518002986908,78.77908182144164,57.57575757575757
Philippines,PHL,2004,102.275131225586,78.5408630371094,26.5457592010498,89.4970779418945,77.2737579345703,,2.46983003616333,12.7508497238159,8.84724,1788500.0,735391.0,1053109.0,1.02566003799438,1099.63013023758,68.301,40.8507057988121,86394504.0,16,1,94.11764705882352,23.73426818847659,51.9951038360596,12.223320007324205,-317718.0,41.11775230640201,58.88224769359799,2070.1548329972475,7.003638140443542,18.27443463221471,97.43399620056199,78.21524238586433,57.57575757575757
Philippines,PHL,2005,101.720321655273,78.3063812255859,25.823429107666,89.3915023803711,74.1895523071289,,2.32806992530823,12.4223604202271,8.90511,1731449.0,691052.0,1040397.0,1.03018999099731,1220.46018559867,68.423,41.3297701258519,88015962.0,16,1,94.11764705882352,23.413940429687102,52.48295211791989,15.201950073242188,-349345.0,39.9117733181861,60.08822668181391,1967.1988587706398,7.107802295486814,18.293028753719174,96.981000900269,77.44864432017015,57.57575757575757
Philippines,PHL,2006,100.087287902832,76.9573211669922,26.2468109130859,86.9358367919922,70.722297668457,,2.42579007148743,13.2685298919678,,1908174.0,775186.0,1132988.0,1.0278400182724,1426.14649179546,68.172,41.8308558715226,89508986.0,15,2,88.23529411764706,23.1299667358398,50.71051025390631,16.2135391235352,-357802.0,40.62449231569028,59.37550768430972,2131.82394893849,7.2634322693876685,18.309849591611815,97.21599817276001,76.34637745221455,57.57575757575757
Philippines,PHL,2007,100.310913085938,77.0709991455078,,86.2530288696289,64.8881683349609,,2.48518991470337,13.6670198440552,8.8309,1901756.0,772198.0,1129558.0,1.02347004413605,1712.65543282793,68.549,42.3470499959497,91075184.0,15,2,88.23529411764706,23.2399139404302,,21.36486053466801,-357360.0,40.60447291871302,59.39552708128698,2088.116560928386,7.4463840479260694,18.327195932149728,97.652995586395,85.17303838729852,57.57575757575757
Philippines,PHL,2008,101.465858459473,78.008903503418,27.1289901733398,87.6159896850586,77.0017929077148,95.4199981689453,2.58282995223999,14.4419898986816,9.19364,1817138.0,731263.0,1085875.0,1.02131998538971,1959.29233534978,68.643,43.1547492407016,92699095.0,17,0,100.0,23.456954956055,50.879913330078196,10.614196777343793,-354612.0,40.24256825843717,59.757431741562826,1960.2543045323152,7.580848891791368,18.344869278600722,97.86800146102901,80.4348108427865,57.57575757575757
Philippines,PHL,2009,102.759162902832,80.1762771606445,26.6055793762207,87.427116394043,74.0978469848633,,2.53777003288269,13.2111597061157,,1610637.0,656571.0,954066.0,1.01779997348785,1864.45043406471,68.631,44.3356772609527,94384250.0,15,2,88.23529411764706,22.5828857421875,53.5706977844238,13.329269409179702,-297495.0,40.7646788196223,59.235321180377696,1706.4679753242729,7.531257822522494,18.3628847845705,98.220002651215,77.75447042783108,57.57575757575757
Philippines,PHL,2010,,,27.7549235195177,,,97.0899963378906,,,,,,,,2162.91375885614,68.883,45.5208176726647,96337125.0,6,11,35.294117647058826,,,,,,,,7.679673786517955,18.383364326875824,,62.42245992870415,57.57575757575757
Philippines,PHL,2011,,,29.0709151463153,,,,,,,,,,,2383.91892522087,69.096,46.6833632464759,98248614.0,5,12,29.411764705882355,,,,,,,,7.776920409126562,18.403011711922172,,29.0709151463153,57.57575757575757
Philippines,PHL,2012,,,29.6298942276846,,,,,,,,,,,2614.61644401308,69.237,47.9182784810426,100175512.0,5,12,29.411764705882355,,,,,,,,7.869255082566379,18.422434335511554,,29.6298942276846,57.57575757575757
Philippines,PHL,2013,,,31.8704183328366,,,96.4000015258789,,,,,,,,2781.27957677397,69.283,49.1313688766206,102076336.0,6,11,35.294117647058826,,,,,,,,7.931025862320517,18.441231493296232,,64.13520992935776,57.57575757575757
Philippines,PHL,2014,104.629987793486,81.5640314318642,33.8741923214799,91.613168283387,76.1457584981391,,2.66454238129968,15.5159407407407,,1372966.0,589308.0,783658.0,1.01531004905701,2866.83803761407,69.311,50.2392400212368,103767130.0,15,2,88.23529411764706,23.0659563616218,47.68983911038429,15.467409785247895,-194350.0,42.92225736107085,57.07774263892915,1323.1222642468767,7.961313727884333,18.45765982151688,98.468995094299,80.27769093819488,57.57575757575757
Philippines,PHL,2015,103.408354699272,82.0085254812081,35.8745887819664,,,98.1800003051758,2.83052303785203,15.1455329623945,,1475549.0,647519.0,828030.0,1.00727999210358,2909.85818010301,69.45,51.1549047745227,105312992.0,14,3,82.35294117647058,21.3998292180639,46.133936699241694,,-180511.0,43.883259722313525,56.116740277686475,1401.1082317364985,7.976203223940836,18.472447359805635,99.27200078964201,83.06702307159846,54.54545454545454
Philippines,PHL,2016,101.721937186986,82.7837574272484,38.3447414525513,,,,3.30128109042443,16.6420963421947,,1508140.0,693480.0,814660.0,1.00882005691528,2985.19564024046,69.49,51.9114748151175,106735719.0,13,4,76.47058823529412,18.938179759737594,44.43901597469711,,-121180.0,45.98246847109685,54.01753152890315,1412.9665440301198,8.00175549512246,18.485866430633134,99.11799430847199,80.06162329706792,51.515151515151516
Philippines,PHL,2017,99.3666730080757,80.9227600097656,33.6841018682349,102.472218991344,72.9995342379945,,3.96384087403915,19.5904269552239,,1494425.0,717659.0,776766.0,1.01848995685577,3038.12124959289,69.966,52.6010482354344,108119693.0,15,2,88.23529411764706,18.443912998310097,47.2386581415307,29.472684753349498,-59107.0,48.022416648543754,51.977583351456246,1382.1950086373256,8.019323689979693,18.498749449179837,98.151004314423,80.85401223974895,57.57575757575757
Philippines,PHL,2018,94.5541345217085,79.3622469757001,28.1166228592308,108.332597491727,76.3291610991428,,3.85502760745456,18.6920129280595,,1518961.0,760456.0,758505.0,1.02580893039703,3168.51036609727,69.761,53.2088897464754,109465287.0,15,2,88.23529411764706,15.191887546008402,51.2456241164693,32.003436392584206,1951.0,50.06422153037504,49.93577846962496,1387.6188896302808,8.061332396296967,18.51111805239805,97.41910696029701,79.29687873601321,45.45454545454545
Philippines,PHL,2019,93.0076871274695,85.3821865979599,30.0548680110365,99.3735347463562,79.4044238396462,96.2799987792969,3.40748649142134,18.1630919978121,,1285015.0,677713.0,607302.0,1.02519476413727,3400.78949767074,69.68,53.7157859948017,110804683.0,16,1,94.11764705882352,7.625500529509594,55.3273185869234,19.96911090671,70411.0,52.73969564557612,47.26030435442388,1159.711814707326,8.1320568949893,18.52327960575215,97.480523586273,82.99760324114831,45.45454545454545
Philippines,PHL,2020,93.2822386485839,87.9419879481158,31.6317598507085,95.457347048022,81.7889755279292,98.4700012207031,3.85829051308063,16.8932648780488,,1198429.0,659896.0,538533.0,1.0238698720932,3227.57910235199,70.097,54.1077719895977,112081264.0,16,1,94.11764705882352,5.340250700468104,56.31022809740729,13.668371520092805,121363.0,55.0634205280413,44.9365794719587,1069.2500755523242,8.079797413036927,18.534734746510345,97.61301279068,83.74076043353465,51.515151515151516
Philippines,PHL,2021,88.8345145801337,85.8666475631511,33.6166173848126,89.076533199905,85.7914115393952,,3.87249754784633,16.6816593430981,,1731428.0,906898.0,824530.0,1.02612137794495,3484.38593882819,66.675,54.4504102510776,113100950.0,15,2,88.23529411764706,2.967867016982595,52.250030178338505,3.2851216605098017,82368.0,52.37861464640747,47.62138535359253,1530.869546188604,8.156334059911922,18.543791349539063,97.38786220550499,80.09559774548377,42.42424242424242
Philippines,PHL,2022,90.6131438325611,92.291271176651,38.4011392706768,86.3317340860138,97.3618744860042,,3.57960089528426,15.6964005295008,,1531686.0,815464.0,716222.0,,3548.06930572116,69.472,54.7902343568327,113964338.0,14,3,82.35294117647058,-1.6781273440899014,53.890131905974194,-11.030140399990401,99242.0,53.239632666225326,46.760367333774674,1344.0046481909103,8.17444068069509,18.55139614163223,,80.99983257038137,45.45454545454545
Philippines,PHL,2023,92.4462107015215,91.5493424610693,44.2394203278519,77.2485372465695,92.2723546120706,,3.6236863467978,16.7279840736522,,1470794.0,804214.0,666580.0,,3804.08274131097,69.833,55.1242716168851,114891199.0,14,3,82.35294117647058,0.8968682404521928,47.3099221332174,-15.023817365501102,137634.0,54.67890132812617,45.321098671873834,1280.162460485768,8.244093015476171,18.559496151548263,,79.55117306981657,45.45454545454545
Philippines,PHL,2024,94.0330906383194,85.2945085684493,47.4134996154186,91.4486011868973,84.7512943826576,,3.92501087473821,16.5494857826479,,1616165.0,872062.0,744103.0,,3984.8315387656,69.946,55.4520983215477,115843670.0,14,3,82.35294117647058,8.738582069870091,37.8810089530307,6.697306804239702,127959.0,53.95872327392315,46.04127672607686,1395.1258622935547,8.29050123664972,18.567752176361985,,80.58819887834844,45.45454545454545
Philippines,PHL,2025,,,,,,,3.96922646675346,15.1952376979373,,,,,,,,,,2,15,11.76470588235294,,,,,,,,,,,,
Singapore,SGP,2001,,,,,,,3.54250001907349,21.5566596984863,,,,,,21699.7414868907,78.2512195121951,100.0,4138012.0,6,11,35.294117647058826,,,,,,,,9.985101708847571,15.235726278896998,,,100.0
Singapore,SGP,2002,,,,,,,3.87852001190186,21.4160709381104,,,,,,22159.8373710639,78.5512195121951,100.0,4175950.0,6,11,35.294117647058826,,,,,,,,10.006081927650174,15.244852674759295,,,100.0
Singapore,SGP,2003,,,,,,,3.98194003105164,24.7598304748535,,,,,,23730.3840054566,79.0390243902439,100.0,4114826.0,6,11,35.294117647058826,,,,,,,,10.074553670757178,15.230107349897274,,,100.0
Singapore,SGP,2004,,,,,,,3.65276002883911,22.7444095611572,,,,,,27608.080013423,79.490243902439,100.0,4166664.0,6,11,35.294117647058826,,,,,,,,10.225899983594802,15.242626513604339,,,100.0
Singapore,SGP,2005,,,,,,,3.19596004486084,22.2787895202637,,,,,,29961.3172812732,79.990243902439,100.0,4265762.0,6,11,35.294117647058826,,,,,,,,10.30769578047701,15.26613162091461,,,100.0
Singapore,SGP,2006,,,,,,,2.85911989212036,22.5367794036865,,,,,,33768.4528234651,80.1414634146341,100.0,4401365.0,6,11,35.294117647058826,,,,,,,,10.42731191021207,15.297425505252903,,,96.96969696969697
Singapore,SGP,2007,,,,,,,2.94673991203308,23.2322902679443,,,,,,39432.8860198877,80.4414634146342,100.0,4588599.0,6,11,35.294117647058826,,,,,,,,10.58238077692004,15.339085524618199,,,100.0
Singapore,SGP,2008,,,,,,,2.76460003852844,30.0994091033936,13.99204,,,,,40008.5720489092,80.790243902439,100.0,4839396.0,7,10,41.17647058823529,,,,,,,,10.596874005690832,15.392300684154378,,,96.96969696969697
Singapore,SGP,2009,,,,,,,3.01012992858887,21.852970123291,15.6371,,,,,38926.8054365453,81.2414634146342,100.0,4987573.0,7,10,41.17647058823529,,,,,,,,10.569464066977144,15.42246017716292,,,100.0
Singapore,SGP,2010,,,93.2696812803906,,,95.8600006103516,3.08044004440308,18.5717296600342,16.53481,,,,,47236.683084953,81.5414634146342,100.0,5076732.0,9,8,52.94117647058824,,,,,,,,10.762947223489407,15.440178502434351,,94.5648409453711,100.0
Singapore,SGP,2011,,,95.9817452372883,,,96.1900024414062,3.03077006340027,28.8618392944336,,,,,,53891.4570264372,81.7439024390244,100.0,5183688.0,8,9,47.05882352941176,,,,,,,,10.894745803253148,15.461027522930689,,96.08587383934724,100.0
Singapore,SGP,2012,,,101.99681244982,,,96.370002746582,3.07084989547729,31.3717498779297,,,,,,55547.5553077786,81.9951219512195,100.0,5312437.0,8,9,47.05882352941176,,,,,,,,10.925012787668896,15.485561421558472,,98.185001373291,100.0
Singapore,SGP,2013,,,,,,96.5500030517578,2.85435009002686,28.8391494750977,,,,,,56967.4257940383,82.2463414634147,100.0,5399162.0,7,10,41.17647058823529,,,,,,,,10.950252459900955,15.50175449952076,,96.5500030517578,100.0
Singapore,SGP,2014,,,,,,96.7200012207031,3.01358665503678,20.4744008205012,,,,,,57564.8023114977,82.4951219512195,100.0,5469724.0,7,10,41.17647058823529,,,,,,,,10.960683960498656,15.514738898911338,,96.7200012207031,100.0
Singapore,SGP,2015,,,,,,96.8300018310547,2.99161870509909,17.6953756282711,,,,,,55645.6068614606,82.7439024390244,100.0,5535002.0,7,10,41.17647058823529,,,,,,,,10.92677638200489,15.526602666130147,,96.8300018310547,100.0
Singapore,SGP,2016,100.773205741627,107.745868589242,83.9409778236648,99.7892735075682,107.366446134097,97.0500030517578,2.94466258946576,17.5508480540502,,24.4231993908761,,,0.995970010757446,57005.5887176547,82.8463414634146,100.0,5607283.0,14,3,82.35294117647058,-6.972662847614998,23.8048907655772,-7.577172626528807,,,,0.4355620964890857,10.950922131674302,15.539577024795092,99.5970010757446,97.19675077981935,100.0
Singapore,SGP,2017,100.626953870432,107.472873863465,84.7929138455372,99.2582396574138,104.631813586999,97.1999969482422,2.87916382421742,17.2535211267606,21.63771,71.8498302177468,,,0.994949996471405,61236.251270627,83.0951219512195,100.0,5612253.0,15,2,88.23529411764706,-6.845919993032993,22.679960017927797,-5.373573929585206,,,,1.2802314902365735,11.022510964221937,15.540462979337086,99.4949996471405,97.24945001404767,100.0
Singapore,SGP,2018,100.261866636903,105.745250914262,88.8864453410769,99.9218336317103,99.6465888137677,97.3399963378906,2.85314011573792,20.7195301055908,,476.0,150.0,326.0,0.995630025863647,66881.6067035265,83.2975609756098,100.0,5638676.0,16,1,94.11764705882352,-5.483384277359008,16.85880557318511,0.2752448179425926,-176.0,31.512605042016805,68.4873949579832,8.441698015633456,11.110694222829286,15.545160021489263,99.5630025863647,97.90826667297289,100.0
Singapore,SGP,2019,100.692578354355,104.621987875083,91.0889904414776,98.0779511104631,100.15980924357,97.4800033569336,2.72783994674683,19.4742603302002,,235.85038467258,,,0.9966099858284,65952.0378959293,83.5951219512195,100.0,5703569.0,14,3,82.35294117647058,-3.9294095207279867,13.532997433605388,-2.0818581331068913,,,,4.135136870836138,11.09669822070745,15.556602852540376,99.66099858284,98.04399192738775,100.0
Singapore,SGP,2020,100.53590938338,103.115839213946,93.134767179468,101.401398882906,100.356246864024,97.129997253418,2.69227004051208,19.1947708129883,,268.119291853829,,,0.996010005474091,61410.0792630788,83.5439024390244,100.0,5685807.0,14,3,82.35294117647058,-2.5799298305660017,9.981072034478004,1.0451520188819927,,,,4.715589042220902,11.025345541881254,15.55348380347558,99.6010005474091,98.55225214004214,100.0
Singapore,SGP,2021,99.8746450408043,102.951274385922,97.0989103061521,100.557975999389,97.7593718580935,97.6500015258789,2.82732009887695,11.4717397689819,,1520.0,827.0,693.0,,80056.1288247844,83.0926829268293,100.0,5453566.0,15,2,88.23529411764706,-3.076629345117709,5.852364079769899,2.798604141295499,134.0,54.40789473684211,45.5921052631579,27.87167148981052,11.290495769110379,15.511780447963556,,98.73048812182147,100.0
Singapore,SGP,2022,99.5780376637324,103.009804103267,98.02222650098,99.6337388049726,101.394644762637,,2.47478008270264,15.1349296569824,,2201.0,920.0,1281.0,,90299.0694637269,82.8951219512195,100.0,5637022.0,14,3,82.35294117647058,-3.4317664395345986,4.987577602287004,-1.7609059576644057,-361.0,41.79918218991367,58.20081781008633,39.045439240790614,11.410893508659786,15.544866647239884,,99.446800593937,100.0
Singapore,SGP,2023,100.245139192048,103.082801906213,97.2886546863037,96.8465629805147,101.576902567228,,2.1037700176239,14.0704202651978,,504.0,287.0,217.0,,85412.230345235,83.0975609756098,100.0,5917648.0,14,3,82.35294117647058,-2.837662714165006,5.794147219909306,-4.730339586713299,70.0,56.94444444444444,43.05555555555556,8.516897253773797,11.355256289852827,15.593449799605452,,98.82704353336368,100.0
Singapore,SGP,2024,,,,,,,2.19099857819757,12.8611152384608,,,,,,90674.066632628,83.3463414634146,100.0,6036860.0,6,11,35.294117647058826,,,,,,,,11.415037699001983,15.613394732832358,,,100.0
Singapore,SGP,2025,,,,,,,,11.9934514626219,,,,,,,,,,1,16,5.88235294117647,,,,,,,,,,,,
Thailand,THA,2001,95.3342666625977,64.0281982421875,38.9344787597656,87.1202621459961,,,4.81787014007568,24.241340637207,15.43465,,,,0.976549983024597,1889.93432467144,71.52,32.7428054763889,63651141.0,12,5,70.58823529411765,31.3060684204102,25.093719482421903,,,,,,7.544826337580163,17.968927824676335,97.65499830245969,76.61444082260132,63.63636363636363
Thailand,THA,2002,96.070182800293,65.5458221435547,40.1257095336914,,,,3.86491990089417,16.2229309082031,,,,,0.985090017318726,2089.75183111554,71.775,34.0732781018222,64266437.0,10,7,58.82352941176471,30.524360656738295,25.420112609863303,,,,,,7.6452790080788,17.978548093374993,98.5090017318726,75.06267905235293,63.63636363636363
Thailand,THA,2003,,,41.1551513671875,,,,3.72561001777649,20.8663501739502,,,,,,2347.54001286066,72.101,35.4270354382579,64868166.0,7,10,41.17647058823529,,,,,,,,7.761549142946207,17.98786756827699,,41.1551513671875,63.63636363636363
Thailand,THA,2004,97.9626998901367,67.444221496582,42.1445999145508,,,,4.03088998794556,21.457670211792,14.77554,,,,1.01288998126984,2641.56268717857,72.1,36.785516284484,65452047.0,11,6,64.70588235294117,30.5184783935547,25.2996215820312,,,,,,7.879504440141754,17.996828340892506,98.711001873016,76.56563079357137,63.63636363636363
Thailand,THA,2005,98.4672393798828,71.8262786865234,44.3367195129395,,,93.5100021362305,3.93859004974365,20.5468196868896,,,,,1.00288999080658,2867.70383436062,72.894,38.1301594392881,66017420.0,11,6,64.70588235294117,26.640960693359403,27.489559173583892,,,,,,7.961615581081763,18.005429219706283,99.711000919342,81.57024812698363,63.63636363636363
Thailand,THA,2006,98.4360427856445,71.6298599243164,44.1761817932129,,,,4.05038022994995,22.0027904510498,,258941.0,110897.0,148044.0,1.01591002941132,3331.32043511773,73.341,39.4424037014582,66567687.0,13,4,76.47058823529412,26.806182861328097,27.45367813110351,,-37147.0,42.82713050463233,57.17286949536767,388.9890300679968,8.111424167665712,18.013729852614752,98.40899705886801,78.16277039051045,66.66666666666666
Thailand,THA,2007,97.8308029174805,75.7808074951172,47.55419921875,,,,3.60314989089966,18.4846706390381,,288540.0,138637.0,149903.0,1.02389001846313,3918.52817434581,73.779,40.7036878697821,67102394.0,13,4,76.47058823529412,22.049995422363295,28.2266082763672,,-11266.0,48.04775767657864,51.95224232342136,429.999561565568,8.273726561852925,18.02173029430046,97.61099815368699,79.69420194625867,66.66666666666666
Thailand,THA,2008,96.5354995727539,75.2078475952148,46.3521308898926,,,,3.50850009918213,18.1628494262695,7.03937,358347.0,193638.0,164709.0,1.02392995357513,4309.13509292986,74.221,41.8954507430475,67619830.0,14,3,82.35294117647058,21.327651977539105,28.8557167053222,,28929.0,54.0364507028104,45.963549297189594,529.9436570603624,8.368724526673832,18.029411855980317,97.607004642487,78.92562067508707,66.66666666666666
Thailand,THA,2009,93.5188827514648,76.6007080078125,46.2023391723633,,,,3.86193990707398,18.1783008575439,8.44554,420969.0,227875.0,193094.0,1.02934002876282,4135.43986952819,74.669,42.9991311200422,68121080.0,14,3,82.35294117647058,16.9181747436523,30.398368835449197,,34781.0,54.13106428264314,45.86893571735686,617.9717056746605,8.327590761966666,18.03679728268746,97.06599712371799,78.34698176383965,66.66666666666666
Thailand,THA,2010,89.2488479614258,78.3943786621094,46.3783774485726,,,96.4300003051758,3.50846004486084,16.222620010376,14.0318,,,,1.02680003643036,4973.86288823778,75.012,44.0018736622496,68579447.0,12,5,70.58823529411765,10.854469299316392,32.0160012135368,,,,,,8.512153089059694,18.04350345597278,97.319996356964,81.55432014684952,69.69696969696969
Thailand,THA,2011,95.6526031494141,86.9894790649414,52.7332765596589,,,,4.80556011199951,22.6302394866943,14.22716,,,,1.02875995635986,5373.6232832898,75.302,44.8048723557374,69007208.0,11,6,64.70588235294117,8.663124084472699,34.25620250528251,,,,,,8.589443763709863,18.04972153536493,97.124004364014,83.1248407845071,69.69696969696969
Thailand,THA,2012,96.4982681274414,85.5365295410156,50.7403100613359,,,,4.53672981262207,21.3967990875244,18.40935,,,,1.0271600484848,5725.52802835463,75.59,45.373565813715,69436098.0,11,6,64.70588235294117,10.96173858642581,34.7962194796797,,,,,,8.652864697325859,18.055917448742935,97.28399515152,82.51477572032823,72.72727272727272
Thailand,THA,2013,97.1840591430664,83.854850769043,49.6879408184566,,,93.6999969482422,4.12401008605957,19.1255207061768,17.99841,,,,1.03692996501923,6018.08244729255,75.96,45.8321343847773,69845114.0,12,5,70.58823529411765,13.329208374023409,34.166909950586394,,,,,,8.702690109292892,18.061790705645404,96.307003498077,84.14677023537703,72.72727272727272
Thailand,THA,2014,103.479377746582,123.525459289551,49.9091820021394,,,,3.91917751852112,20.5354099009901,,,,,1.03778004646301,5801.1978916205,76.279,46.3138799467897,70216367.0,10,7,58.82352941176471,-20.04608154296899,73.61627728741159,,,,,,8.665992071583414,18.067092004211077,96.221995353699,86.5327943389596,72.72727272727272
Thailand,THA,2015,103.333457946777,124.330596923828,45.713134717198,,81.1599502563477,92.870002746582,3.86397622727286,20.6230990291262,,,,,0.953830003738403,5688.85335397884,76.563,46.9521043776171,70540795.0,12,5,70.58823529411765,-20.997138977050994,78.61746220663,,,,,,8.64643975420106,18.07170176708617,95.3830003738403,85.85434801566134,72.72727272727272
Thailand,THA,2016,104.941299438477,122.563217163086,49.3227291503798,,82.4216537475586,91.9800033569336,3.76761756770937,19.8021649855908,,,,,0.999880015850067,5833.57715617098,76.769,47.8801095551247,70859841.0,12,5,70.58823529411765,-17.62191772460899,73.2404880127062,,,,,,8.671557075286067,18.076214427650314,99.9880015850067,87.28539797331312,72.72727272727272
Thailand,THA,2017,101.863590810489,79.5062371844027,47.427491541895,96.5465393066406,80.4054718017578,,3.46532147640365,18.3623674307219,,156065.117625853,,,0.993813335895538,6413.09182530343,76.989,49.2311973571777,71160187.0,13,4,76.47058823529412,22.357353626086294,32.078745642507705,16.1410675048828,,,,219.3152157200669,8.766252696537187,18.080444062692088,99.3813335895538,83.87784557070832,72.72727272727272
Thailand,THA,2018,102.013545184574,80.6045305135668,46.1667791174286,97.2662200927734,82.242398673325,93.7699966430664,3.19769395901619,17.1662098360656,,12414.6021045428,,,1.02044188976288,7099.77650081458,77.19,54.5843734741211,71376079.0,14,3,82.35294117647058,21.4090146710072,34.437751396138204,15.023821419448396,,,,17.39322512314357,8.86795942336126,18.083473357174483,97.955811023712,85.42939086626745,75.75757575757575
Thailand,THA,2019,103.012241063391,81.7206425877734,44.9880040072053,99.0766391982771,85.6530659577884,91.2699966430664,3.02221411183282,17.0142333333333,,25370.8689756161,,,0.995571434497833,7605.69657797759,77.197,55.9266166687012,71522271.0,14,3,82.35294117647058,21.291598475617604,36.7326385805681,13.423573240488707,,,,35.47268371220497,8.93678426698969,18.08551945566277,99.5571434497833,86.03792740627055,78.78787878787877
Thailand,THA,2020,103.859900460568,82.3668560969625,42.5900878816865,100.602278927941,87.78733266172,,3.15314171737183,15.431959375,,17935.7428231146,,,0.995733320713043,6985.64393892574,77.331,57.2358779907227,71641484.0,13,4,76.47058823529412,21.493044363605506,39.77676821527599,12.814946266221,,,,25.035414988213535,8.851755596745225,18.087184863585165,99.57333207130429,85.38626811861222,78.78787878787877
Thailand,THA,2021,103.619796585158,84.6644528199547,43.4690405127808,101.046773083353,89.3823174686953,,2.98212428478268,14.691722834279,,22896.893101478,,,1.01338183879852,7057.20754802279,77.606,58.5087776184082,71727332.0,13,4,76.47058823529412,18.955343765203295,41.1954123071739,11.664455614657697,,,,31.92213130341722,8.861946409870136,18.088382446315606,98.66181612014799,86.02960448692981,78.78787878787877
Thailand,THA,2022,104.833004394528,88.0661686868399,43.29484965617,104.886385919859,91.433239287936,91.0999984741211,2.61187022798634,14.6416516129032,,14086.2694955701,,,1.02751123905182,6909.35281815827,75.291,59.742374420166,71735329.0,14,3,82.35294117647058,16.766835707688102,44.7713190306699,13.45314663192299,,,,19.636446492871176,8.840775974526013,18.08849393176891,97.248876094818,87.30616174284071,75.75757575757575
Thailand,THA,2023,102.574975655738,93.3356315272258,45.4407811172674,102.096899824548,96.4315653736608,,2.52122219628772,14.1862982731554,,72337.8050472792,,,,7195.10130919449,76.412,60.9341926574707,71702435.0,12,5,70.58823529411765,9.2393441285122,47.8948504099584,5.665334450887201,,,,100.8861206000594,8.881294673514192,18.088035279888114,,87.04159560363081,75.75757575757575
Thailand,THA,2024,101.004223573604,92.507325535959,44.9845744019321,102.552313493182,102.798551904486,,,13.0909885057471,,24588.0,23928.0,660.0,,7346.62022142185,76.564,61.8689338391321,71668011.0,13,4,76.47058823529412,8.496898037644996,47.5227511340269,-0.24623841130400592,23268.0,97.31576378721327,2.6842362127867254,34.30819365141862,8.902131760380628,18.087555069340656,,87.49837998757822,75.75757575757575
Thailand,THA,2025,100.728168483387,92.0872315506486,49.0776442074561,107.071112896746,95.7452513487135,,,12.6170836997362,,36067.0,27087.0,8980.0,,,,,,9,8,52.94117647058824,8.640936932738398,43.00958734319249,11.325861548032506,18107.0,75.10189369784013,24.89810630215987,,,,,87.38202542136364,
Timor-Leste,TLS,2001,151.196975708008,41.3206901550293,,,,37.5999984741211,,,,,,,,587.700634429079,58.772,24.469641672156,812249.0,7,10,41.17647058823529,109.87628555297871,,,,,,,6.3779177937117035,13.607563453531347,,59.64022954305013,27.27272727272727
Timor-Leste,TLS,2002,138.640762329102,44.7095603942871,8.40392971038818,,,,,,,,,,,533.982465942154,59.477,24.8506108883184,879159.0,7,10,41.17647058823529,93.93120193481488,36.305630683898926,,,,,,6.28223397241903,13.68672218513121,,51.03783003489176,30.303030303030305
Timor-Leste,TLS,2003,129.396530151367,46.5835189819336,,,,,,,,,,,,534.901171348385,60.13,25.2611540807581,916878.0,6,11,35.294117647058826,82.8130111694334,,,,,,,6.283949762257671,13.728730790514721,,73.2917594909668,27.27272727272727
Timor-Leste,TLS,2004,126.797088623047,57.962100982666,,,,,,,,,,,0.925040006637573,474.420726695663,60.743,25.7040830077802,929074.0,7,10,41.17647058823529,68.834987640381,,,,,,,6.164200152410003,13.741944746507185,92.5040006637573,83.48870054880777,24.242424242424242
Timor-Leste,TLS,2005,121.387603759766,59.4707984924316,,,,,,,,,,,0.927569985389709,487.464506929223,61.272,26.3097308948751,948311.0,7,10,41.17647058823529,61.9168052673344,,,,,,,6.191266811584671,13.762438841015102,92.7569985389709,84.07593234380083,21.21212121212121
Timor-Leste,TLS,2006,,,,,,,,,,,,,,464.667016791076,61.881,27.121697883382,976597.0,4,13,23.52941176470588,,,,,,,,6.143470822466328,13.791830382686241,,,18.18181818181818
Timor-Leste,TLS,2007,,,,,,50.5999984741211,,,,,,,,540.154630518785,62.396,28.0011655196859,1004889.0,5,12,29.411764705882355,,,,,,,,6.2937050615164924,13.820388640748607,,50.5999984741211,21.21212121212121
Timor-Leste,TLS,2008,123.960227966309,57.0646095275879,,98.2040176391602,56.2172317504883,,8.67014980316162,7.09053993225098,,19567.0,9472.0,10095.0,0.945540010929108,628.153191495026,62.858,28.8076745459306,1032429.0,14,3,82.35294117647058,66.8956184387211,,41.986785888671896,-623.0,48.40803393468595,51.591966065314054,1895.239285219613,6.444374774734363,13.84742580490886,94.5540010929108,81.20797200202944,18.18181818181818
Timor-Leste,TLS,2009,125.8955078125,67.0938568115234,16.5156002044678,84.2549514770508,74.4021072387695,,12.9024801254272,10.5861196517944,,12577.0,5982.0,6595.0,0.945919990539551,686.579329690731,63.265,29.4007657042596,1058782.0,15,2,88.23529411764706,58.801651000976605,50.57825660705559,9.852844238281293,-613.0,47.56301184702234,52.43698815297766,1187.8743688502448,6.533177211525032,13.872630693293832,94.5919990539551,72.80975246429443,21.21212121212121
Timor-Leste,TLS,2010,128.029085001864,68.3026309590313,17.7029094696045,75.2202946440865,74.0266313658309,58.310001373291,11.1065797805786,9.15421009063721,,10663.0,4231.0,6432.0,0.959487497806549,813.060220670369,63.66,29.6398840020416,1084679.0,16,1,94.11764705882352,59.726454042832685,50.599721489426805,1.193663278255599,-2201.0,39.67926474725687,60.32073525274313,983.0558165134571,6.702034344433598,13.896795570580457,95.9487497806549,69.93017394178558,18.18181818181818
Timor-Leste,TLS,2011,130.796519519568,70.1640602638495,,81.4195236128322,78.153714374708,,10.1935195922852,7.65089988708496,1.4407,7462.0,2801.0,4661.0,0.964638531208038,939.045238884406,64.022,29.633352306451,1110207.0,15,2,88.23529411764706,60.63245925571849,,3.2658092381241914,-1860.0,37.53685339051193,62.46314660948807,672.1269096663956,6.84592800057878,13.920057943121082,96.4638531208038,85.2402302744387,18.18181818181818
Timor-Leste,TLS,2012,129.969976978814,70.0278421982138,,85.7176250584385,73.2906462967124,,7.16214990615845,5.53769016265869,2.54014,12197.0,4901.0,7296.0,0.96873277425766,1022.61906675901,64.384,29.6136082349605,1134885.0,15,2,88.23529411764706,59.9421347806002,,12.426978761726104,-2395.0,40.182011970156594,59.817988029843406,1074.7344444591301,6.93109973127023,13.942042763324517,96.873277425766,85.18187819582614,18.18181818181818
Timor-Leste,TLS,2013,128.884641566738,67.8276665960217,,91.2865497076023,68.102192374658,,5.66632986068726,5.89317989349365,4.35806,12354.0,4633.0,7721.0,0.979978978633881,1204.56843320518,64.719,29.5836906253246,1158695.0,15,2,88.23529411764706,61.0569749707163,,23.184357332944302,-3088.0,37.50202363606929,62.497976363930704,1066.1994744087099,7.094706463496682,13.96280579283455,97.99789786338809,85.04286130833403,21.21212121212121
Timor-Leste,TLS,2014,127.791979258318,69.3739464182596,,96.2563938618926,,,7.51430988311768,6.77287006378174,7.92381,13015.0,3856.0,9159.0,1.00216567516327,1224.74956308733,65.027,29.5463092024041,1181903.0,14,3,82.35294117647058,58.41803284005839,,,-5303.0,29.627353054168264,70.37264694583173,1101.1901991957038,7.111307824086107,13.982637255375685,99.78343248367301,91.35344319095631,15.151515151515152
Timor-Leste,TLS,2015,126.646454350675,72.9840325557506,,101.275182504621,,64.4499969482422,8.46706962585449,8.63696956634521,,12810.0,3441.0,9369.0,1.00230395793915,1319.59295003154,65.326,29.5043315008419,1205131.0,14,3,82.35294117647058,53.6624217949244,,,-5928.0,26.861826697892273,73.13817330210772,1062.9549816575957,7.185836119287597,14.0020996624759,99.769604206085,87.44072674201557,15.151515151515152
Timor-Leste,TLS,2016,123.315981015137,77.3856943732818,,97.3353459429487,80.7657276689871,65.7799987792969,8.12837982177734,7.24691009521484,,13840.0,4206.0,9634.0,1.00263714790344,1335.54391073349,65.61,29.4462907628171,1228312.0,15,2,88.23529411764706,45.930286641855204,,16.56961827396161,-5428.0,30.390173410404625,69.60982658959539,1126.7495554875309,7.197842390058706,14.021152241204794,99.736285209656,86.83384199569508,12.121212121212121
Timor-Leste,TLS,2017,117.545590260011,81.1665700933061,,96.6891288962737,86.2753906876745,,7.17093992233276,8.21769046783447,,9195.0,2225.0,6970.0,1.00517749786377,1266.17771143471,65.898,29.3600996787092,1251703.0,14,3,82.35294117647058,36.37902016670489,,10.413738208599199,-4745.0,24.197933659597606,75.80206634040239,734.5991820743419,7.144547432075544,14.04001638096492,99.482250213623,92.72266797817545,9.09090909090909
Timor-Leste,TLS,2018,113.613823069409,83.0952419040915,,100.182736085731,90.5783200729583,,6.848060131073,8.00562953948975,,10475.0,3311.0,7164.0,1.01275599002838,1219.46599728983,66.204,29.248617510057,1275959.0,14,3,82.35294117647058,30.5185811653175,,9.604416012772688,-3853.0,31.608591885441527,68.39140811455847,820.9511434144827,7.106988029788909,14.059209394433132,98.724400997162,94.47959259484236,9.09090909090909
Timor-Leste,TLS,2019,111.537505941321,85.1248242560832,,101.973167436453,87.8791626727683,,4.17968913742937,6.86969221637237,,10554.0,3057.0,7497.0,1.0269250869751,1562.36458068032,66.496,29.1148755245217,1300945.0,14,3,82.35294117647058,26.4126816852378,,14.094004763684694,-4440.0,28.965321205230243,71.03467879476976,811.2564328238319,7.35459556021446,14.078602250099786,97.30749130248999,94.06229564626831,15.151515151515152
Timor-Leste,TLS,2020,110.606703667428,84.7410404382553,,100.108904548366,88.260856165439,,3.65287360437751,6.95663710899488,,9477.0,2767.0,6710.0,1.03229761123657,1630.86938521256,66.919,28.9619049897647,1326053.0,14,3,82.35294117647058,25.865663229172696,,11.848048382927004,-3943.0,29.197003271077342,70.80299672892265,714.6773168191618,7.39748149875046,14.097718172880647,96.770238876343,93.95442709600746,15.151515151515152
Timor-Leste,TLS,2021,123.584941487948,,,101.045730208163,,,2.97389404101318,7.47076980255183,,,,,,2684.92676774277,66.199,28.7927371734472,1350139.0,8,9,47.05882352941176,,,,,,,,7.895781112282153,14.115718848741459,,100.0,21.21212121212121
Timor-Leste,TLS,2022,119.036719326581,,,86.5451764158159,,69.4000015258789,,,,,,,,2343.24954740187,67.368,28.5857292288968,1369295.0,7,10,41.17647058823529,,,,,,,,7.759720607232368,14.129807297115445,,85.31505931389826,21.21212121212121
Timor-Leste,TLS,2023,119.652693100113,,30.9611108169641,93.210472040185,,,5.24052834781801,,,13085.0,4375.0,8710.0,,1502.41147438211,67.689,28.595471832952,1384286.0,11,6,64.70588235294117,,,,-4335.0,33.43523118074131,66.56476881925869,945.2526428787114,7.315492121002463,14.140695763603773,,74.72386095238302,15.151515151515152
Timor-Leste,TLS,2024,,,,,,,,6.27514023058775,,,,,,1331.9705130185,67.904,28.6641074179574,1400638.0,5,12,29.411764705882355,,,,,,,,7.195165199167724,14.15243911902508,,,12.121212121212121
Timor-Leste,TLS,2025,,,,,,,,4.33096718461303,,,,,,,,,,1,16,5.88235294117647,,,,,,,,,,,,
Viet Nam,VNM,2001,111.295097351074,,9.30103015899658,108.231903076172,68.719970703125,,,,,0.0,,,,419.205677580901,72.984,24.9489362725143,77969361.0,9,8,52.94117647058824,,,39.511932373047,,,,0.0,6.04074429993528,18.171826512617958,,69.5052502155304,48.484848484848484
Viet Nam,VNM,2002,109.35701751709,,9.55722999572754,104.789192199707,77.0312881469727,,,,,29577.0,,,,445.132861817313,73.138,25.5540925665659,78772224.0,9,8,52.94117647058824,,,27.757904052734304,,,,37.5474989762889,6.100616804109101,18.18207101807504,,71.64712953567506,48.484848484848484
Viet Nam,VNM,2003,107.77010345459,,9.91792964935303,105.462059020996,,,,,,,,,,497.117089249256,73.236,26.1745407830283,79563777.0,7,10,41.17647058823529,,,,,,,,6.210835168362928,18.19206949699657,,69.972643216451,48.484848484848484
Viet Nam,VNM,2004,106.744956970215,,,,,,,,,,,,,565.452284586212,73.062,26.8021001307977,80338971.0,5,12,29.411764705882355,,,,,,,,6.339392848476184,18.201765391194925,,100.0,51.515151515151516
Viet Nam,VNM,2005,104.89729309082,,15.8760204315185,100.358787536621,89.3802719116211,,,,,142159.0,,,,710.746759994861,73.198,27.4285898187702,81088313.0,9,8,52.94117647058824,,,10.9785156249999,,,,175.31379645301044,6.567722173980397,18.211049414991678,,76.3140730857849,51.515151515151516
Viet Nam,VNM,2006,103.91251373291,,16.8052501678467,103.381217956543,,,,,,67967.0,,,,807.756645117054,73.293,28.0458290558422,82167897.0,8,9,47.05882352941176,,,,,,,82.71721984073659,6.6954980623093965,18.22427524846784,,72.26841672261557,48.484848484848484
Viet Nam,VNM,2007,102.282257080078,,18.9504508972168,,,,,,,,,,,925.640338348717,73.385,28.6456370509099,83633375.0,6,11,35.294117647058826,,,,,,,,6.8315655057590465,18.241953232831822,,59.4752254486084,45.45454545454545
Viet Nam,VNM,2008,100.98104095459,,20.0552005767822,,,,4.8867301940918,18.0012397766113,,139588.0,,,,1163.83195772873,73.455,29.2198330128693,85175788.0,9,8,52.94117647058824,,,,,,,163.88225254810675,7.0603321133029455,18.26022778474988,,60.0276002883911,48.484848484848484
Viet Nam,VNM,2009,100.057693481445,,21.5007190704346,,,93.5199966430664,4.81650018692017,15.1887102127075,,146927.0,,,,1226.16976051536,73.525,29.7581347355675,86460018.0,10,7,58.82352941176471,,,,,,,169.9363513896099,7.112465789269109,18.275192656958534,,71.67357190450033,48.484848484848484
Viet Nam,VNM,2010,100.919677734375,,23.9250975429329,,,,4.04594993591309,17.0566692352295,,7645.0,,,,1683.16182443979,73.611,30.2504027258526,87455152.0,9,8,52.94117647058824,,,,,,,8.741623363709893,7.4290232854584515,18.286636682792928,,61.96254877146645,48.484848484848484
Viet Nam,VNM,2011,101.384051611447,,25.8674734818525,96.4903182983398,79.6854476928711,,3.7802300453186,17.8112697601318,,57425.0,,,,1950.92504174913,73.713,30.6996041680996,88468314.0,11,6,64.70588235294117,,,16.804870605468707,,,,64.91024571803189,7.576571365492437,18.298155023273896,,75.51080986826585,48.484848484848484
Viet Nam,VNM,2012,102.054953695526,,25.7487091222031,99.7439270019531,78.8203277587891,,4.40817022323608,18.7849903106689,,0.0,,,,2185.11767654291,73.762,31.1222779403029,89510356.0,11,6,64.70588235294117,,,20.92359924316399,,,,0.0,7.689882499191949,18.309864897220354,,76.07824097073633,48.484848484848484
Viet Nam,VNM,2013,102.262367182756,,25.6249412769592,98.568433005299,,,4.52833986282349,18.515510559082,,0.0,,,,2359.51736472828,73.821,31.5334201724543,90573104.0,10,7,58.82352941176471,,,,,,,0.0,7.766636096336441,18.32166787263861,,74.73112476075273,48.484848484848484
Viet Nam,VNM,2014,103.083557760139,,31.3306389293887,97.5535949505463,93.3476444798844,,3.54012312110584,16.8122897465781,,23805.8535632407,,,,2546.38464459903,73.886,31.9480269945454,91679578.0,11,6,64.70588235294117,,,4.205950470661904,,,,25.96636468291848,7.8428224822655555,18.333810218860823,,80.55796958995484,48.484848484848484
Viet Nam,VNM,2015,103.278372065069,89.4548341262217,29.7250797402999,97.3375088531888,93.6145165709975,,3.41660449674943,15.0167530601057,,40536.9714128906,,,,2577.56885340113,73.955,32.3810945365679,92823254.0,12,5,70.58823529411765,13.823537938847295,59.729754385921794,3.7229922821912993,,,,43.671138067289256,7.854989816024212,18.346207759035742,,82.02638785814159,48.484848484848484
Viet Nam,VNM,2016,105.947597481197,90.1583347107672,29.0811980839409,99.9538673376531,85.7404843413968,,3.46906995773315,15.6049003601074,,11322.155833899,,,,2735.0604380416,73.984,32.8476189285136,94000117.0,12,5,70.58823529411765,15.789262770429787,61.0771366268263,14.2133829962563,,,,12.04483163983615,7.914274368425947,18.35880659555264,,80.9867768947516,48.484848484848484
Viet Nam,VNM,2017,104.437659436385,91.0725198149335,25.9526307046456,,,,3.41865686539527,15.4742966457626,,51872.4235661905,,,,2956.10992127753,74.026,33.3625963003742,95176977.0,10,7,58.82352941176471,13.365139621451505,65.1198891102879,,,,,54.50102031102595,7.991967692403886,18.37124864278546,,72.3417168398597,45.45454545454545
Viet Nam,VNM,2018,104.190504718464,92.8377710790826,,101.705109319402,90.6296985277737,,3.29537010192871,16.0908699035644,,112020.857700953,,,,3222.31003125366,74.1,33.9410227821412,96237319.0,11,6,64.70588235294117,11.352733639381398,,11.0754107916283,,,,116.40064256253127,8.078164070566023,18.38232778219392,,95.86686740171407,48.48484848484848
Viet Nam,VNM,2019,103.337272102979,94.654621676317,30.2241191864014,,,95.75,3.08499832693462,15.571949049475,,178013.752839176,,,,3440.90025375434,74.211,34.6239134999511,97173776.0,11,6,64.70588235294117,8.682650426661993,64.43050248991561,,,,,183.19114494344237,8.14377899719828,18.392011449081814,,80.15718521567959,48.48484848484848
Viet Nam,VNM,2020,102.847744602601,93.1921389514105,,,,,3.21652900152514,14.4718812047317,,175465.157872559,,,,3534.03953482647,75.383,35.5706676299742,98079191.0,9,8,52.94117647058824,9.655605651190498,,,,,,178.90151425959357,8.170479762094576,18.40128579194532,,96.59606947570525,51.515151515151516
Viet Nam,VNM,2021,103.391282723881,92.7690209240401,41.9554971195048,,,,2.94517488804327,14.8174866627149,,111762.0,105509.0,6253.0,,3704.1935590038,74.145,36.6540656426603,98935098.0,12,5,70.58823529411765,10.6222617998409,50.81352380453531,,99256.0,94.40507507023854,5.594924929761457,112.96496618419482,8.217490779011687,18.409974627465175,,78.24150601451497,51.515151515151516
Viet Nam,VNM,2022,104.129392785949,93.4123434096522,44.7536854027422,100.779516746248,92.5065999182538,96.129997253418,2.88738689372749,15.4493443908999,,166519.400535172,,,,4147.69777213621,74.502,37.5478515625,99680655.0,13,4,76.47058823529412,10.7170493762968,48.658658006909995,8.272916827994209,,,,167.05287554056702,8.330549774135712,18.417482194041153,,87.80043766401104,51.515151515151516
Viet Nam,VNM,2023,105.170807361038,,32.8415128147815,,92.981800847596,,,,,147000.451951424,,,,4323.35031982451,74.588,38.1298904418945,100352192.0,8,9,47.05882352941176,,,,,,,146.4845451023372,8.37201719301309,18.424196486480543,,75.27443788745917,48.48484848484848
Viet Nam,VNM,2024,106.332886485835,,37.5923642016718,100.588170556547,95.2140054232305,,,,,144562.454110111,,,,4717.29028732449,74.736,38.4900703430176,100987686.0,9,8,52.94117647058824,,,5.374165133316495,,,,143.14859547342337,8.459201785697699,18.430509156482707,,83.20159240622557,48.48484848484848
Viet Nam,VNM,2025,,,,,,,,,,,,,,,,,,0,17,0.0,,,,,,,,,,,,
