Country Name,Country Code,Series Name,Series Code,2001 [YR2001],2002 [YR2002],2003 [YR2003],2004 [YR2004],2005 [YR2005],2006 [YR2006],2007 [YR2007],2008 [YR2008],2009 [YR2009],2010 [YR2010],2011 [YR2011],2012 [YR2012],2013 [YR2013],2014 [YR2014],2015 [YR2015],2016 [YR2016],2017 [YR2017],2018 [YR2018],2019 [YR2019],2020 [YR2020],2021 [YR2021],2022 [YR2022],2023 [YR2023],2024 [YR2024],2025 [YR2025]
Brunei Darussalam,BRN,"School enrollment, primary (% gross)",SE.PRM.ENRR,110.13542175293,112.115310668945,116.92626953125,119.105339050293,119.844757080078,121.505966186523,122.321258544922,116.783126831055,112.532432556152,108.70580714953,104.830894583323,103.310538143682,103.895142180095,103.847709576297,104.185794604632,105.726377387079,104.567053854277,104.179996298549,103.033008586959,102.709633966272,101.387926832397,99.134912983916,96.9292188716198,94.8207871800668,..
Brunei Darussalam,BRN,"School enrollment, secondary (% gross)",SE.SEC.ENRR,84.982307434082,86.768928527832,87.8041305541992,90.8928298950195,93.6873092651367,97.5592575073242,98.3408584594727,98.7723617553711,100.720039367676,101.011688232422,102.111122131348,105.229759216309,102.392692565918,96.2848663330078,92.8161697387695,90.0986175537109,88.6814727783203,89.1818084716797,88.2910308837891,86.6857810342997,..,..,91.8381544399811,..,..
Brunei Darussalam,BRN,"School enrollment, tertiary (% gross)",SE.TER.ENRR,14.6684103012085,14.1154699325562,14.257490158081,15.1707801818848,15.2498598098755,15.2068796157837,15.4847002029419,15.7385101318359,16.5658493041992,15.3331604003906,17.4244594573975,22.0733509063721,23.4649200439453,30.0799102783203,28.6641292572021,28.6644096374512,31.2433910195239,27.9285989469629,27.7715019255456,27.4692556634304,27.4258937503291,31.1925368707703,36.4182725443167,..,..
Brunei Darussalam,BRN,"Primary completion rate, total (% of relevant age group)",SE.PRM.CMPT.ZS,122.554916381836,119.12052154541,121.753967285156,115.231391906738,113.22477722168,115.946067810059,118.802337646484,115.731391906738,110.637649536133,111.762081784387,111.028993746447,103.19944598338,103.014509085787,97.0102505694761,98.8262570641936,102.815448113208,103.848494067539,106.125039669946,100.955518945634,104.65599822998,..,..,101.681320376369,99.3799153055051,..
Brunei Darussalam,BRN,"Lower secondary completion rate, total (% of relevant age group)",SE.SEC.CMPT.LO.ZS,..,..,..,103.541946411133,102.036842346191,103.717422485352,105.666870117188,105.062149047852,119.488250732422,109.028084105279,104.513235932301,106.267846944603,107.734959800388,101.07275477926,100.434721637919,97.9557069846678,98.8588762097357,100.982837025084,103.043149129447,108.19075012207,..,..,99.4726749760307,104.975767366721,..
Brunei Darussalam,BRN,"Literacy rate, adult total (% of people ages 15 and above)",SE.ADT.LITR.ZS,92.6699981689453,..,..,..,..,..,..,..,..,..,96.0899963378906,..,..,..,..,..,..,..,..,..,..,..,..,..,..
Brunei Darussalam,BRN,"Government expenditure on education, total (% of GDP)",SE.XPD.TOTL.GD.ZS,..,..,..,..,..,..,..,..,..,1.84384000301361,3.32213997840881,2.88964009284973,..,3.35321998596191,..,4.42539978027344,..,..,..,..,..,..,..,..,..
Brunei Darussalam,BRN,"Government expenditure on education, total (% of government expenditure)",SE.XPD.TOTL.GB.ZS,..,..,..,..,..,..,..,..,..,5.30208015441895,9.18218994140625,9.72642040252686,..,9.98460006713867,..,11.4419498443603,..,..,..,..,..,..,..,..,..
Brunei Darussalam,BRN,"Government expenditure per student, secondary (% of GDP per capita)",SE.XPD.SECO.PC.ZS,..,..,..,..,..,..,..,..,..,7.6387,..,..,..,10.13979,..,23.64457,..,..,..,..,..,..,..,..,..
Brunei Darussalam,BRN,"Children out of school, primary",SE.PRM.UNER,..,..,..,..,..,..,..,..,..,..,1239.10797442957,638.279053420803,866.047337837197,479.078734793184,295.285121280322,627.134494632373,597.517495205015,615.161159811192,573.709801409357,422.650408620058,700.859676659871,371.363528071262,232.895606966471,1438,..
Brunei Darussalam,BRN,"Children out of school, primary, female",SE.PRM.UNER.FE,..,..,..,..,..,..,..,..,..,..,..,..,..,..,..,..,..,..,..,..,..,..,..,657,..
Brunei Darussalam,BRN,"Children out of school, primary, male",SE.PRM.UNER.MA,..,..,..,..,..,..,..,..,..,..,..,..,..,..,..,..,..,..,..,..,..,..,..,781,..
Brunei Darussalam,BRN,"School enrollment, primary and secondary (gross), gender parity index (GPI)",SE.ENR.PRSC.FM.ZS,0.977370023727417,0.973049998283386,0.97886997461319,0.972670018672943,0.972459971904755,0.978129982948303,0.982819974422455,0.987770020961761,0.99329000711441,1.00109994411469,0.998149991035461,1.0095499753952,1.01909005641937,1.01016998291016,0.998702049255371,1.01419997215271,1.01496005058289,1.01620995998383,1.02144002914429,1.01873004436493,..,..,..,..,..
Brunei Darussalam,BRN,GDP per capita (current US$),NY.GDP.PCAP.CD,18287.8272281914,18621.2922577525,20677.9001143188,24423.0946995548,29386.2703822862,34674.7995236452,36217.3290706015,42156.5685838672,30946.4673773828,34937.5555357155,46382.8274255349,46968.5971164922,44003.0644273461,41026.5084247957,30625.1287744656,26663.2972950602,28024.3824580252,30988.1190267227,30426.5730656528,26834.3592233943,31006.9636289785,36632.9280952155,32890.5491812019,33153.4738913513,..
Brunei Darussalam,BRN,"Life expectancy at birth, total (years)",SP.DYN.LE00.IN,74.209,74.365,74.509,74.603,74.683,74.753,74.793,74.814,74.814,74.82,74.835,74.843,74.854,74.862,74.88,74.905,74.943,74.992,75.049,75.114,74.869,72.917,75.327,75.501,..
Brunei Darussalam,BRN,Urban population (% of total population),SP.URB.TOTL.IN.ZS,71.657883335906,72.1021556496525,72.577635652792,73.0675067339261,73.552870858133,74.0148299904911,74.4344860960786,74.7929411399737,75.0712970872547,75.2506559029998,75.312125504778,75.2714233503027,75.1756915148608,75.0572639801502,74.9484620568562,74.8816070556641,74.8476440654983,74.8172471714305,74.7923311783673,74.7748108912151,74.7667316936175,74.7772642014221,74.8199193881365,74.8983133873697,..
Brunei Darussalam,BRN,"Population, total",SP.POP.TOTL,333345,340099,346637,352911,358916,364663,370873,377793,384952,392332,399389,405557,411202,416750,422212,427564,432772,437810,442680,447404,451721,455370,458949,462721,..
Cambodia,KHM,"School enrollment, primary (% gross)",SE.PRM.ENRR,110.342948913574,123.66854095459,126.512390136719,129.020355224609,129.551315307617,128.404861450195,127.717086791992,124.066017150879,123.781600952148,123.357803344727,118.762440557356,115.41843697639,115.808136523857,108.942219609284,103.759672683505,101.734266788056,100.69503505776,99.6739108443274,100.480819545412,107.021018981934,105.282475574163,106.331544381276,107.039014463223,108.971332849667,..
Cambodia,KHM,"School enrollment, secondary (% gross)",SE.SEC.ENRR,20.176570892334,23.8959407806396,27.8392200469971,30.9775104522705,..,39.1435394287109,41.7365608215332,44.2504997253418,..,..,..,..,..,..,..,..,48.9424458707368,50.199099715459,49.7344518908574,51.8196983337402,54.2809323078227,55.1346812645406,56.7864734981041,58.7893230437643,..
Cambodia,KHM,"School enrollment, tertiary (% gross)",SE.TER.ENRR,1.97913002967834,2.33661007881165,3.01460003852844,3.07344007492065,3.77035999298096,6.20005989074707,7.67417001724243,8.92994976043701,10.6747398376465,12.1998596191406,11.4902860215331,..,..,..,13.615484963166,..,12.5181529981862,13.2671737077763,12.9409846754696,13.8767573747135,13.5005634857238,14.6069513022825,17.4362364390629,21.4437426836662,..
Cambodia,KHM,"Primary completion rate, total (% of relevant age group)",SE.PRM.CMPT.ZS,50.5637016296387,59.0100212097168,65.0223922729492,77.0745162963867,87.1148071289062,89.2925796508789,89.4033584594727,86.4525985717773,86.5820083618164,88.2063369750977,88.5418370843847,91.9260955834766,92.4834012591547,93.364176038365,88.9599432999523,85.2297273060017,83.9456029334234,80.244617834389,81.4103628494242,89.3599624633789,90.234069720081,87.2572415781805,87.630151233724,90.9948884997473,..
Cambodia,KHM,"Lower secondary completion rate, total (% of relevant age group)",SE.SEC.CMPT.LO.ZS,17.2120304107666,24.1957397460938,28.1273097991943,30.435489654541,33.8774909973145,36.4206581115723,41.3929481506348,46.2840194702148,..,49.2645988464355,46.7198675033048,46.1269260563941,44.7616163254161,45.3190354475024,47.4980851157655,46.6690204592374,51.4051946220451,53.3337928219134,52.2038558780602,53.9525108337402,53.6632243410972,57.9780116047917,58.5358420192013,61.5710216815543,..
Cambodia,KHM,"Literacy rate, adult total (% of people ages 15 and above)",SE.ADT.LITR.ZS,..,..,..,73.6100006103516,..,..,..,76.870002746582,76.1399993896484,..,..,..,79.6500015258789,78.0599975585938,80.5299987792969,..,..,..,87.6600036621094,82.5510430822563,71.9300003051758,..,..,..,..
Cambodia,KHM,"Government expenditure on education, total (% of GDP)",SE.XPD.TOTL.GD.ZS,1.6550600528717,1.62863004207611,..,1.56035995483398,..,..,1.36423003673553,..,1.38576996326447,1.24872994422913,1.20887994766235,1.23062002658844,1.57648003101349,1.44690001010895,..,..,..,1.60336995124817,2.13345387893978,2.2476462495972,1.96232691812756,1.95793279576416,2.1809128340295,..,..
Cambodia,KHM,"Government expenditure on education, total (% of government expenditure)",SE.XPD.TOTL.GB.ZS,11.3807897567749,10.1375703811646,..,12.4043102264404,..,..,11.1035099029541,..,8.16524028778076,7.33747005462646,7.33540010452271,7.19985008239746,9.59706974029541,8.79160022735596,..,..,..,9.97500991821289,12.1311067347546,11.0687719907488,9.34959951214734,11.6742808441972,12.0143851118856,11.233932287853,11.5512463566271
Cambodia,KHM,"Government expenditure per student, secondary (% of GDP per capita)",SE.XPD.SECO.PC.ZS,6.05226,..,..,..,..,..,..,..,..,..,..,..,..,..,..,..,..,..,..,..,..,..,..,..,..
Cambodia,KHM,"Children out of school, primary",SE.PRM.UNER,..,..,89285,..,..,103853,81760,93303,..,124229,25105,47785,..,166042,160776,199386,229625,222356,188935,190883,223795.998046875,320435.012695312,159915.60865639,76741.0456542969,..
Cambodia,KHM,"Children out of school, primary, female",SE.PRM.UNER.FE,..,..,65790,..,..,57770,54945,57441,..,62141,..,35178,..,83645,62580,97285,116767,111501,94591,97920,108395.981201172,149082.000366211,84300.8250935406,46902.0029296875,..
Cambodia,KHM,"Children out of school, primary, male",SE.PRM.UNER.MA,..,..,23495,..,..,46083,26815,35862,..,62088,..,12607,..,82397,98196,102101,112858,110855,94344,92963,115400.016845703,171353.012329102,75614.78356285,29839.0427246094,..
Cambodia,KHM,"School enrollment, primary and secondary (gross), gender parity index (GPI)",SE.ENR.PRSC.FM.ZS,0.835860013961792,0.848770022392273,0.860019981861115,0.876280009746552,..,0.899569988250732,0.903710007667542,0.91483998298645,..,..,..,..,..,..,..,..,..,..,..,1.00029003620148,1.03767263889313,..,..,..,..
Cambodia,KHM,GDP per capita (current US$),NY.GDP.PCAP.CD,327.500984314444,350.147276634294,386.691123931778,444.199067529081,525.797325120926,612.252648550727,731.692295125426,866.283999789749,875.748936193569,952.274616324008,1088.98152823081,1192.80263041673,1305.6600972686,1431.56396469993,1547.32010444393,1675.19555711109,1826.35391688754,2036.67377566578,2225.87705485686,2081.73914242939,2167.40324198499,2325.03050040841,2429.74853452838,2627.87969756224,..
Cambodia,KHM,"Life expectancy at birth, total (years)",SP.DYN.LE00.IN,60.457,61.395,62.345,63.256,64.113,64.886,65.549,66.147,66.747,67.311,67.869,68.371,68.755,69.117,69.398,69.635,69.842,69.993,70.127,70.059,69.301,70.528,70.668,70.817,..
Cambodia,KHM,Urban population (% of total population),SP.URB.TOTL.IN.ZS,18.7186818716995,18.803641734126,18.8881765274479,18.9813615262763,19.0922720052225,19.2299832388976,19.4035705019128,19.6574509865325,20.1979728726519,21.1232251168762,22.3824788531276,23.9411047582349,25.7644735090271,27.8179557823331,30.0669222549819,32.4767436038024,35.0127905056235,37.6404336372742,39.5830241256026,39.832658030922,40.1091858128847,40.374616187368,40.6290788072508,40.8727033252729,..
Cambodia,KHM,"Population, total",SP.POP.TOTL,12658484,12855241,13050968,13244731,13439202,13639028,13841770,14053479,14276810,14500726,14722584,14945085,15170208,15396772,15623251,15852803,16073372,16274522,16481304,16725474,16974305,17201724,17423880,17638801,..
Indonesia,IDN,"School enrollment, primary (% gross)",SE.PRM.ENRR,109.43041229248,110.116897583008,110.176658630371,109.678840637207,109.01708984375,107.672538757324,110.421722412109,109.333679199219,110.992286682129,113.010775075983,114.684137554242,115.201069565404,111.656675108204,109.659608599994,107.983525766989,105.922391949136,104.382521256166,103.299542869882,101.264685825869,100.951933675872,100.309665446849,98.7008730463611,98.1566275726904,100.036318150714,100.371428697375
Indonesia,IDN,"School enrollment, secondary (% gross)",SE.SEC.ENRR,56.2273216247559,57.646598815918,60.7244682312012,62.9758682250977,61.6382789611816,64.6422119140625,71.8545074462891,70.1684417724609,74.5035934448242,75.6519088745117,78.1330718994141,80.0926818847656,81.8896974781343,83.5559949258569,87.8423207929976,87.8191791728036,90.9455391241064,92.8120739600443,94.9467044891028,96.9345779132931,97.8441479813619,97.8167602714893,96.0002120295081,98.836444459078,97.1701841816
Indonesia,IDN,"School enrollment, tertiary (% gross)",SE.TER.ENRR,14.1229801177978,14.6824598312378,15.7722797393799,16.1766300201416,16.6967105865479,16.767240524292,17.5765991210938,20.5209503173828,22.6933307647705,23.4159086398462,25.027444191823,29.0425391195214,29.894529174265,29.9904910473273,32.4590200433758,34.8307173410877,35.967012362631,36.1494878042588,37.3230862728703,38.1650601406923,40.6293239880732,42.3260385456152,44.8813034886441,..,..
Indonesia,IDN,"Primary completion rate, total (% of relevant age group)",SE.PRM.CMPT.ZS,93.7076873779297,95.4321975708008,97.6939468383789,97.2464828491211,97.4744873046875,95.7227630615234,98.4336318969727,97.3859481811523,98.3221130371094,101.795042304754,100.776148719838,108.012121873384,107.015322001135,109.545206228873,108.896737190118,107.213433946707,104.773527897237,102.627469259879,102.856162733356,102.119707703437,103.366819034154,102.068055782043,99.9521715181012,..,..
Indonesia,IDN,"Lower secondary completion rate, total (% of relevant age group)",SE.SEC.CMPT.LO.ZS,..,71.1110763549805,74.100227355957,74.6714935302734,71.0544662475586,73.2656097412109,79.5956192016602,76.1189193725586,82.4980697631836,84.2223030453472,88.3502775803615,82.0114847271123,81.4525245688744,89.6896079138365,95.7864737958094,99.2077611274975,95.1407540800194,100.214514427876,100.984414424274,99.2865225014332,98.3300036590485,100.68547920315,97.6515105231315,101.725245923963,99.6596537255366
Indonesia,IDN,"Literacy rate, adult total (% of people ages 15 and above)",SE.ADT.LITR.ZS,..,..,..,90.379997253418,..,91.9800033569336,..,92.1900024414062,92.5800018310547,92.3199996948242,92.8099975585938,..,..,95.120002746582,95.2200012207031,95.379997253418,..,95.6600036621094,..,96,..,..,..,..,..
Indonesia,IDN,"Government expenditure on education, total (% of GDP)",SE.XPD.TOTL.GD.ZS,2.46003007888794,2.64568996429443,3.21799993515015,2.74846005439758,2.87281990051269,..,3.04426002502441,2.90190005302429,3.52513003349304,2.81227993965149,3.18944001197815,3.40748000144958,3.35904002189636,3.28800988197327,3.58361005783081,1.21023452496964,1.05324382490056,0.994436460846179,0.964399077622927,1.01593221347809,1.03221750658374,0.863943349575907,1.27517088245674,..,..
Indonesia,IDN,"Government expenditure on education, total (% of government expenditure)",SE.XPD.TOTL.GB.ZS,11.5938901901245,14.3690500259399,16.2781791687012,14.1702995300293,15.1821098327637,..,14.939920425415,13.674750328064,19.3081398010254,16.6539402008057,18.0055103302002,18.0904197692871,17.8482608795166,17.9038906097412,20.3588600158691,11.3228385780706,10.8803626838238,10.145246388091,9.34260924899348,9.31964024456527,8.96559769031117,8.70282050991956,..,..,10.5571024660163
Indonesia,IDN,"Government expenditure per student, secondary (% of GDP per capita)",SE.XPD.SECO.PC.ZS,..,..,..,..,..,..,9.48922,9.42407,10.9866,8.28022,..,10.2787,9.86514,9.95311,10.52216,..,..,..,..,..,..,..,..,..,..
Indonesia,IDN,"Children out of school, primary",SE.PRM.UNER,1082406,1148725,1182554,1369667,1559205,1117320,554080,690846,264905,104908,486790,63112,490076,959679,..,1685507,1796456,2189066.4453125,495248.938956723,778194.218833413,420235.204818223,358046.028433468,211984.970489349,310417.722365066,250574.853046648
Indonesia,IDN,"Children out of school, primary, female",SE.PRM.UNER.FE,485247,490105,564382,674155,853624,651331,432986,399442,237257,..,..,..,218927,585629,..,1164854,1202305,1329649.75,..,..,..,..,..,..,..
Indonesia,IDN,"Children out of school, primary, male",SE.PRM.UNER.MA,597159,658620,618172,695512,705581,465989,121094,291404,27648,..,..,..,271149,374050,..,520653,594151,859416.6953125,..,..,..,..,..,..,..
Indonesia,IDN,"School enrollment, primary and secondary (gross), gender parity index (GPI)",SE.ENR.PRSC.FM.ZS,0.978320002555847,0.980740010738373,0.982840001583099,0.986850023269653,0.975489974021912,0.982860028743744,0.978890001773834,0.984170019626617,0.9826700091362,1.02081000804901,1.02225995063782,1.00821995735168,0.984489977359772,0.982280015945435,0.985639989376068,0.995899975299835,0.993650019168854,0.993399977684021,..,..,..,..,..,..,..
Indonesia,IDN,GDP per capita (current US$),NY.GDP.PCAP.CD,732.307093405708,881.002913569131,1043.2105838671,1126.84004447173,1238.21447629488,1558.31562847163,1823.21976255073,2124.55483920618,2218.48541852977,3065.68348377765,3579.46442466152,3632.27254030331,3566.60284506078,3441.06808464008,3288.22269725538,3521.46943457574,3798.88326174526,3860.95353090726,4106.94856160358,3853.70288774146,4287.17313995098,4730.83484836107,4876.30774512252,4925.43048751861,..
Indonesia,IDN,"Life expectancy at birth, total (years)",SP.DYN.LE00.IN,66.583,66.954,67.134,65.521,67.531,67.664,67.914,68.085,68.267,68.364,68.629,68.862,69.064,69.292,69.52,69.733,69.953,70.08,70.349,68.817,67.452,70.925,71.146,71.288,..
Indonesia,IDN,Urban population (% of total population),SP.URB.TOTL.IN.ZS,42.9018895186157,43.7824069030376,44.6301761521872,45.4476736441888,46.2373757571669,47.0017588692457,47.7432993585496,48.4644736032029,49.16775798133,49.8521375148888,50.4830017089844,51.1593933105469,51.8307495117188,52.5002136230469,53.1720771789551,53.812557220459,54.4541015625,55.0956840515137,55.7382049560547,56.2785287648768,56.8761702464027,57.4934704226599,58.1179353397878,58.7509635387997,..
Indonesia,IDN,"Population, total",SP.POP.TOTL,219097902,222088495,225048008,227926649,230871650,233951652,237062337,240157903,243220028,246305322,249470032,252698525,255852467,258877399,261799249,264627418,267346658,269951846,272489381,274814866,276758053,278830529,281190067,283487931,..
Lao PDR,LAO,"School enrollment, primary (% gross)",SE.PRM.ENRR,103.310859680176,105.233688354492,107.481590270996,108.649421691895,110.026527404785,110.817306518555,112.471809387207,114.984016418457,117.407089233398,119.705680847168,119.074599302583,118.414315740965,118.408152699995,117.425464096562,114.302879123065,110.502812681423,107.444972491228,104.275413158198,101.978544594664,100.27766790602,99.1101994809825,95.6988495024876,95.0382534939216,93.8514019047136,93.1435250140429
Lao PDR,LAO,"School enrollment, secondary (% gross)",SE.SEC.ENRR,35.1896514892578,37.9458808898926,40.6808013916016,42.5078582763672,42.9863014221191,42.2330513000488,43.0343399047852,44.126880645752,45.6930198669434,47.3594398498535,46.3030907447649,49.0350189208984,52.6759359354755,58.0247383117676,62.2967936554274,64.7630026961054,66.0411073482017,66.1528570578416,64.986385458831,62.4493058083911,59.8530595325837,56.8782044614964,54.4330611689851,51.8523602531839,50.5430058959811
Lao PDR,LAO,"School enrollment, tertiary (% gross)",SE.TER.ENRR,3.04713988304138,4.05916023254395,4.79725980758667,5.579430103302,7.60128021240234,8.78625965118408,11.2626600265503,13.0783004760742,16.2123508453369,16.6638298034668,17.4954696423161,17.330766926856,18.9224448772621,18.4954952643985,18.1574846273063,17.0880719461771,15.4112577339384,14.4969749098337,13.7404020217342,12.561911777868,12.4396649191011,13.677811550152,14.8841695785522,..,..
Lao PDR,LAO,"Primary completion rate, total (% of relevant age group)",SE.PRM.CMPT.ZS,66.6962966918945,67.0953216552734,66.6697769165039,66.7765579223633,69.1728973388672,72.6434326171875,75.1448974609375,77.3106689453125,79.8850708007812,82.9912033081055,88.8513579730692,92.3112588922596,97.6909883464738,99.6774414463772,100.973160602492,99.7526047861459,101.054475670832,98.4586280857413,93.5781951138441,90.7867199075151,89.6962813896803,88.2502219689641,88.83898879882,87.2513184690094,85.2487998761162
Lao PDR,LAO,"Lower secondary completion rate, total (% of relevant age group)",SE.SEC.CMPT.LO.ZS,36.0344009399414,39.8345718383789,42.6177787780762,44.6698684692383,44.2967796325684,42.6877212524414,42.940601348877,44.6135101318359,47.6905097961426,42.9314804077148,44.6443004597793,46.9993716661542,49.4822332317581,53.6639604893689,60.1120365790072,64.5179865862746,68.1382581519484,66.2468426457934,64.7872414031689,61.6923234460866,60.9252133738928,58.1785953177258,54.6557731587168,51.0205851354777,49.2782611594493
Lao PDR,LAO,"Literacy rate, adult total (% of people ages 15 and above)",SE.ADT.LITR.ZS,68.7300033569336,..,..,..,72.6999969482422,..,..,..,..,..,..,..,..,..,84.6600036621094,..,73.7200012207031,..,..,..,..,..,75.6399993896484,..,..
Lao PDR,LAO,"Government expenditure on education, total (% of GDP)",SE.XPD.TOTL.GD.ZS,1.9902800321579,2.82522010803223,..,2.41300010681152,2.4140899181366,2.95879006385803,3.07841992378235,2.27854990959167,1.65485000610352,1.70978999137878,1.70801997184753,1.82147002220154,3.23380994796753,2.93781995773315,2.73689787884215,2.77442976110388,2.49797261414021,2.33501229018316,2.12201393748998,1.91597273223857,1.85949176876536,1.46083440434069,1.23375160355741,..,..
Lao PDR,LAO,"Government expenditure on education, total (% of government expenditure)",SE.XPD.TOTL.GB.ZS,9.94657039642334,15.2626600265503,..,15.8750801086426,14.1292695999146,17.7623596191406,18.1017894744873,13.0052099227905,7.46309995651245,7.24696016311646,8.2595796585083,7.36839008331299,13.341010093689,11.7573499679565,10.4693968971705,12.8905072664164,11.4389355996144,11.1683780140713,10.831620568327,10.6622210924187,11.5062064227785,9.82493417180385,9.80367188386072,8.24155131370129,..
Lao PDR,LAO,"Government expenditure per student, secondary (% of GDP per capita)",SE.XPD.SECO.PC.ZS,..,9.20525,..,..,..,..,..,..,7.56247,7.34751,7.98237,7.79207,14.51405,12.53244,..,..,..,..,..,..,..,..,..,..,..
Lao PDR,LAO,"Children out of school, primary",SE.PRM.UNER,205213,195839,175441,172805,166674,161206,139022,119624,100285,63159,60276,55859,36943,29481,35907,39411,47181,51275,50262,52166,53689,72541,73926,81506,82273
Lao PDR,LAO,"Children out of school, primary, female",SE.PRM.UNER.FE,114022,109723,99559,95959,92044,89690,77835,66964,55501,37482,34750,32607,22742,18532,21040,23607,26684,28985,28420,28641,28948,37289,37585,40714,40481
Lao PDR,LAO,"Children out of school, primary, male",SE.PRM.UNER.MA,91191,86116,75882,76846,74630,71516,61187,52660,44784,25677,25526,23252,14201,10949,14867,15804,20497,22290,21842,23525,24741,35252,36341,40792,41792
Lao PDR,LAO,"School enrollment, primary and secondary (gross), gender parity index (GPI)",SE.ENR.PRSC.FM.ZS,0.813799977302551,0.816420018672943,0.821150004863739,0.828230023384094,0.83050000667572,0.839119970798492,0.846859991550446,0.857999980449677,0.869960010051727,0.881879985332489,0.894001066684723,0.904760003089905,0.914771437644959,0.927744090557098,0.937261164188385,0.938601553440094,0.944714486598969,0.948159754276276,0.951043486595154,0.956714570522308,0.963008999824524,..,..,..,..
Lao PDR,LAO,GDP per capita (current US$),NY.GDP.PCAP.CD,320.316005439568,313.350817148131,355.097216151461,409.296298284117,466.061506997741,579.391947440719,697.323013673925,885.747376088762,935.03237283283,1125.91610151261,1361.54704394913,1563.5650771337,1812.51774424651,1981.03910900473,2121.01339097363,2303.22156035363,2432.43059478511,2545.1075420815,2589.32081035237,2583.77730696131,2526.05105018529,2046.40440255621,2066.94979776957,2123.97909415109,..
Lao PDR,LAO,"Life expectancy at birth, total (years)",SP.DYN.LE00.IN,58.887,59.302,59.643,60.08,60.688,61.074,61.694,62.248,63.023,63.69,64.505,65.126,65.723,66.35,66.688,67.014,67.345,67.594,67.911,68.339,67.807,68.715,68.964,69.225,..
Lao PDR,LAO,Urban population (% of total population),SP.URB.TOTL.IN.ZS,23.3728884682287,24.5247834668291,25.5945881340707,26.5371091732139,27.3224977292697,28.0378756242097,28.7343050001346,29.4034348148069,30.0420311503825,30.6468600890172,31.2146877128668,31.7422801040872,32.2264033448341,32.6638235172635,33.1240204432199,33.8267455533474,34.5115346444216,35.2050070032013,35.9072880879451,36.6185033569111,37.338778268357,38.0682382805397,38.8070088517156,39.5552154401406,..
Lao PDR,LAO,"Population, total",SP.POP.TOTL,5521482,5610889,5697945,5781626,5869523,5963200,6056236,6148969,6241642,6334194,6426590,6518978,6611385,6703172,6801645,6908802,7018147,7128045,7237636,7346533,7453194,7559007,7664993,7769819,..
Malaysia,MYS,"School enrollment, primary (% gross)",SE.PRM.ENRR,95.4063110351562,92.926628112793,93.3964691162109,96.0182037353516,97.1333618164062,97.8367385864258,98.3626403808594,98.6990509033203,98.7940902709961,98.8697814941406,98.855643801119,98.7042528833624,98.9066848845224,97.15563448844,95.6311535513474,96.2219697129545,96.2574604579347,95.7761544783431,94.3275054202176,93.1800129351047,92.5769881927004,89.7872630978958,91.5021106685076,90.3595586965317,..
Malaysia,MYS,"School enrollment, secondary (% gross)",SE.SEC.ENRR,75.6187362670898,75.0011596679688,80.088996887207,80.5677719116211,76.2537536621094,75.8026123046875,74.2519378662109,74.8359527587891,75.0242767333984,77.2140274047852,77.5925369262695,81.2371978759766,80.938362121582,83.2836303710938,81.5115814208984,79.8283920288086,78.8863677978516,74.4872817993164,75.3229827880859,73.2459411621094,74.9618181140898,78.8341986282999,79.4472788704033,80.2757406864183,..
Malaysia,MYS,"School enrollment, tertiary (% gross)",SE.TER.ENRR,26.960880279541,28.92991065979,31.2641696929932,29.779899597168,27.1163005828857,27.6703605651856,29.375789642334,32.9037017822266,35.0602111816406,36.6774305573553,35.5661790570975,36.825516807355,38.0700970900265,38.3919142029325,44.289909239243,45.4034659569972,42.293211695146,43.3100279300797,40.8082966813944,39.7445667367633,38.1899993008367,36.9853099297291,37.2745812491757,38.5013945445142,..
Malaysia,MYS,"Primary completion rate, total (% of relevant age group)",SE.PRM.CMPT.ZS,..,89.6622695922852,89.1887664794922,92.4733581542969,96.5558395385742,94.891357421875,95.7666091918945,99.7894134521484,102.015983581543,98.8521499633789,99.3003235082674,104.016576005483,98.8378891974858,96.9399866847297,94.1270061120049,90.0391703159198,89.9368288858535,91.2078079760904,90.203100362005,94.0461286908254,90.6984530659665,84.4996360102387,91.8132677411604,87.7397769648065,..
Malaysia,MYS,"Lower secondary completion rate, total (% of relevant age group)",SE.SEC.CMPT.LO.ZS,83.1688232421875,82.3731231689453,91.94384765625,86.3433074951172,80.9721069335938,82.1086807250977,83.2186584472656,83.3526229858398,82.9303817749023,84.4771728515625,86.6200953705401,86.9308836521127,82.4879342688043,81.3589478661366,81.9432050445749,78.2724675383393,76.9440224215558,73.1435548327853,73.9009248486187,75.1532775359419,79.5298539227476,79.4433381358343,81.8215467527372,81.4668316291256,..
Malaysia,MYS,"Literacy rate, adult total (% of people ages 15 and above)",SE.ADT.LITR.ZS,..,..,..,..,..,..,..,..,..,93.120002746582,..,..,..,..,..,94.879997253418,95.0800018310547,94.8499984741211,94.9700012207031,..,..,95.7699966430664,..,..,..
Malaysia,MYS,"Government expenditure on education, total (% of GDP)",SE.XPD.TOTL.GD.ZS,7.48446989059448,7.65792989730835,7.50288009643555,5.92389011383057,..,4.48576021194458,4.37253999710083,3.95851993560791,5.97418022155762,4.96645021438599,5.76293992996216,5.73902988433838,5.48122978210449,5.21264982223511,4.89487981796265,4.75191020965576,4.6753101348877,4.47865009307861,4.15775012969971,3.91176009178162,4.26109393398867,3.49933781956284,3.51481008529663,..,..
Malaysia,MYS,"Government expenditure on education, total (% of government expenditure)",SE.XPD.TOTL.GB.ZS,24.3485202789307,25.903600692749,24.5424404144287,21.0129203796387,..,16.745569229126,16.1246604919434,14.0386400222778,18.4646301269531,18.4062309265137,20.9770202636719,19.8511600494385,19.454309463501,19.8005599975586,19.8107299804688,20.7891407012939,21.2099094390869,19.6432590484619,17.6363105773926,15.6218795776367,20.4625782848639,20.1496790295371,14.1005201339722,..,..
Malaysia,MYS,"Government expenditure per student, secondary (% of GDP per capita)",SE.XPD.SECO.PC.ZS,26.3833,27.00911,25.10558,20.26725,..,13.8087,13.77379,11.99764,21.34924,18.05817,19.1991,20.8482,20.06423,..,..,21.14754,22.59321,22.81098,..,..,..,..,..,..,..
Malaysia,MYS,"Children out of school, primary",SE.PRM.UNER,154096,229189,224818,142038,107279,178184,146936,138396,130737,151224,166212,175024,179814,229155,254960,258741,254364,250219,354480,389154,404416,419775,308987,404724,..
Malaysia,MYS,"Children out of school, primary, female",SE.PRM.UNER.FE,54935,96057,94482,51769,34147,48921,40470,48908,24871,55835,56339,62419,64936,94986,99314,106312,102305,101332,150870,164351,169643,180569,126620,181582,..
Malaysia,MYS,"Children out of school, primary, male",SE.PRM.UNER.MA,99161,133132,130336,90269,73132,129263,106466,89488,105866,95389,109873,112605,114878,134169,155646,152429,152059,148887,203610,224803,234773,239206,182367,223142,..
Malaysia,MYS,"School enrollment, primary and secondary (gross), gender parity index (GPI)",SE.ENR.PRSC.FM.ZS,1.03576004505157,1.04010999202728,1.05480003356934,1.05432999134064,1.04351997375488,1.03987002372742,1.03830003738403,1.04065001010895,1.0393500328064,1.03811001777649,1.0424599647522,1.02717995643616,1.03311002254486,1.04203999042511,1.04466998577118,1.03882002830505,1.03454005718231,1.04651999473572,1.04038000106812,1.03951001167297,..,..,..,..,..
Malaysia,MYS,GDP per capita (current US$),NY.GDP.PCAP.CD,3943.79943910239,4184.03163773539,4465.32194567208,4939.24851854427,5555.58179951206,6158.40785533236,7168.93031942508,8371.82156086005,7191.43287234626,8899.34505544675,10217.1068585031,10600.5744240026,10713.6407638899,11013.3107334403,9648.6797937523,9476.53409809923,9862.54806612235,10901.8019954421,10920.191763972,9957.52626697613,10903.1037480772,11754.5678336248,11386.0395636528,11874.4273684245,..
Malaysia,MYS,"Life expectancy at birth, total (years)",SP.DYN.LE00.IN,73.08,73.469,73.727,74.027,74.37,74.697,74.961,75.151,75.269,75.376,75.488,75.552,75.464,75.345,75.288,75.371,75.542,75.734,75.9,76.057,73.917,75.444,76.657,76.821,..
Malaysia,MYS,Urban population (% of total population),SP.URB.TOTL.IN.ZS,63.0180877676224,64.056368465184,65.0750932867555,66.0647889111941,67.0159820173565,67.9191992840997,68.7649673902807,69.5438130147565,70.2462628363839,70.8625314831025,71.4245166681964,71.9680127926087,72.4882717118078,72.9802206910773,73.4387869957006,73.8588978909614,74.2354806421432,74.5634625145296,74.8377707734042,75.0511895575672,75.5088628191907,75.9741357073003,76.4434752105739,76.9170296648992,..
Malaysia,MYS,"Population, total",SP.POP.TOTL,23526538,24102477,24679602,25256772,25836071,26417909,26998389,27570059,28124778,28655776,29162039,29662831,30174265,30696137,31232798,31789685,32355644,32910967,33440596,33889558,34282399,34695493,35126298,35557673,..
Myanmar,MMR,"School enrollment, primary (% gross)",SE.PRM.ENRR,99.7626495361328,99.8293304443359,102.38102722168,103.697303771973,104.437133789062,105.169502258301,106.169532775879,108.062278747559,108.319793701172,109.490142822266,..,..,..,115.448463439941,..,119.916152954102,121.799392700195,120.214569091797,..,..,..,..,..,..,..
Myanmar,MMR,"School enrollment, secondary (% gross)",SE.SEC.ENRR,40.303840637207,41.8484497070312,42.1795806884766,45.0282783508301,45.6932487487793,47.5437698364258,47.3708114624023,49.9790115356445,49.9621315002441,50.8663902282715,..,..,..,57.1178512573242,..,67.7588500976562,72.3457412719727,77.0191497802734,..,..,..,..,..,..,..
Myanmar,MMR,"School enrollment, tertiary (% gross)",SE.TER.ENRR,11.6847896575928,..,..,..,..,..,11.0508098602295,..,..,..,14.3246002197266,13.7377004623413,..,..,..,..,..,20.3723297119141,..,..,..,..,..,..,..
Myanmar,MMR,"Primary completion rate, total (% of relevant age group)",SE.PRM.CMPT.ZS,78.5111236572266,78.6851806640625,80.3358001708984,82.6052398681641,..,88.9601821899414,90.0776901245117,92.2453308105469,92.6332778930664,93.7378997802734,..,..,..,..,..,..,..,105.356811523438,..,..,..,..,..,..,..
Myanmar,MMR,"Lower secondary completion rate, total (% of relevant age group)",SE.SEC.CMPT.LO.ZS,36.4159507751465,37.2439002990723,37.1637992858887,41.943000793457,41.0697708129883,42.610538482666,40.8288383483887,..,45.4112815856934,45.8741302490234,..,..,..,54.1289100646973,..,60.7176704406738,68.8656005859375,73.7979125976562,..,..,..,..,..,..,..
Myanmar,MMR,"Literacy rate, adult total (% of people ages 15 and above)",SE.ADT.LITR.ZS,..,..,..,..,..,..,..,..,..,..,..,..,..,90.3600006103516,..,84.7799987792969,..,95.8142859113662,89.0699996948242,93.527395549521,..,..,..,..,..
Myanmar,MMR,"Government expenditure on education, total (% of GDP)",SE.XPD.TOTL.GD.ZS,..,..,..,..,..,..,..,..,..,..,0.787440001964569,..,..,..,..,..,2.16652989387512,1.99249005317688,1.99976003170013,..,..,..,..,..,..
Myanmar,MMR,"Government expenditure on education, total (% of government expenditure)",SE.XPD.TOTL.GB.ZS,..,..,..,..,..,..,..,..,..,..,5.38150978088379,..,..,..,..,..,10.1906204223633,10.1159400939941,9.74240970611572,..,..,..,..,..,..
Myanmar,MMR,"Government expenditure per student, secondary (% of GDP per capita)",SE.XPD.SECO.PC.ZS,..,..,..,..,..,..,..,..,..,..,..,..,..,..,..,..,11.39294,10.30288,..,..,..,..,..,..,..
Myanmar,MMR,"Children out of school, primary",SE.PRM.UNER,320916,420356,297882,311270,259350,221922,366449,89894,79238,65967,..,..,..,..,..,..,..,..,..,..,..,..,..,..,..
Myanmar,MMR,"Children out of school, primary, female",SE.PRM.UNER.FE,136076,171756,109144,116039,81873,76842,..,6653,13676,..,..,..,..,..,..,..,..,..,..,..,..,..,..,..,..
Myanmar,MMR,"Children out of school, primary, male",SE.PRM.UNER.MA,184840,248600,188738,195231,177477,145080,..,83241,65562,..,..,..,..,..,..,..,..,..,..,..,..,..,..,..,..
Myanmar,MMR,"School enrollment, primary and secondary (gross), gender parity index (GPI)",SE.ENR.PRSC.FM.ZS,0.961210012435913,0.964699983596802,0.967809975147247,0.966489970684052,0.986660003662109,0.982299983501434,..,..,0.991249978542328,1.00769996643066,..,..,..,0.988409996032715,..,1.01693999767303,1.00469994544983,1.01078999042511,..,..,..,..,..,..,..
Myanmar,MMR,GDP per capita (current US$),NY.GDP.PCAP.CD,141.525660705722,146.598390364449,224.292688912409,224.508811413327,252.685193060728,303.495087119254,419.375780725042,658.442487229705,758.442935789255,1010.53417343401,1213.62898703376,1202.6658960055,1199.09561597055,1293.00042319714,1166.73305547935,1229.19713491328,1272.82241815234,1298.21310327675,1425.98954241668,1490.21683599469,1242.7213439951,1158.05005055976,1233.19666209269,1359.05001560107,..
Myanmar,MMR,"Life expectancy at birth, total (years)",SP.DYN.LE00.IN,60.64,60.925,61.196,61.443,61.72,62.026,62.367,56.364,63.095,63.479,63.859,64.251,64.617,64.994,65.288,65.64,65.909,66.232,66.457,66.612,65.553,66.506,66.889,67.095,..
Myanmar,MMR,Urban population (% of total population),SP.URB.TOTL.IN.ZS,27.7107064116875,27.8849700456368,28.0568026064444,28.2256085278922,28.390792243762,28.5517581878355,28.7079107938945,28.8586544957208,29.0033937270962,29.1415329218024,29.2724765136213,29.3956289363345,29.5103946237239,29.6164342116462,29.7166821191682,29.8129165582094,29.9051727703437,29.993574050729,30.0782436945232,30.1593049968842,30.2368812529698,30.311095757938,30.3820718069466,30.4499084074136,..
Myanmar,MMR,"Population, total",SP.POP.TOTL,45771139,46232653,46667192,47068772,47438365,47785135,48125043,48390793,48660459,49024382,49419820,49837446,50262658,50681634,51089056,51495696,51894938,52272247,52640713,53016522,53387102,53756787,54133798,54500091,..
Philippines,PHL,"School enrollment, primary (% gross)",SE.PRM.ENRR,103.305671691895,102.620742797852,102.732582092285,102.275131225586,101.720321655273,100.087287902832,100.310913085938,101.465858459473,102.759162902832,..,..,..,..,104.629987793486,103.408354699272,101.721937186986,99.3666730080757,94.5541345217085,93.0076871274695,93.2822386485839,88.8345145801337,90.6131438325611,92.4462107015215,94.0330906383194,..
Philippines,PHL,"School enrollment, secondary (% gross)",SE.SEC.ENRR,70.5786285400391,74.9138336181641,76.8219680786133,78.5408630371094,78.3063812255859,76.9573211669922,77.0709991455078,78.008903503418,80.1762771606445,..,..,..,..,81.5640314318642,82.0085254812081,82.7837574272484,80.9227600097656,79.3622469757001,85.3821865979599,87.9419879481158,85.8666475631511,92.291271176651,91.5493424610693,85.2945085684493,..
Philippines,PHL,"School enrollment, tertiary (% gross)",SE.TER.ENRR,28.6476802825928,28.3481502532959,27.230110168457,26.5457592010498,25.823429107666,26.2468109130859,..,27.1289901733398,26.6055793762207,27.7549235195177,29.0709151463153,29.6298942276846,31.8704183328366,33.8741923214799,35.8745887819664,38.3447414525513,33.6841018682349,28.1166228592308,30.0548680110365,31.6317598507085,33.6166173848126,38.4011392706768,44.2394203278519,47.4134996154186,..
Philippines,PHL,"Primary completion rate, total (% of relevant age group)",SE.PRM.CMPT.ZS,95.339241027832,89.2527008056641,89.1121368408203,89.4970779418945,89.3915023803711,86.9358367919922,86.2530288696289,87.6159896850586,87.427116394043,..,..,..,..,91.613168283387,..,..,102.472218991344,108.332597491727,99.3735347463562,95.457347048022,89.076533199905,86.3317340860138,77.2485372465695,91.4486011868973,..
Philippines,PHL,"Lower secondary completion rate, total (% of relevant age group)",SE.SEC.CMPT.LO.ZS,64.0594787597656,65.0148315429688,68.1813583374023,77.2737579345703,74.1895523071289,70.722297668457,64.8881683349609,77.0017929077148,74.0978469848633,..,..,..,..,76.1457584981391,..,..,72.9995342379945,76.3291610991428,79.4044238396462,81.7889755279292,85.7914115393952,97.3618744860042,92.2723546120706,84.7512943826576,..
Philippines,PHL,"Literacy rate, adult total (% of people ages 15 and above)",SE.ADT.LITR.ZS,..,..,92.5899963378906,..,..,..,..,95.4199981689453,..,97.0899963378906,..,..,96.4000015258789,..,98.1800003051758,..,..,..,96.2799987792969,98.4700012207031,..,..,..,..,..
Philippines,PHL,"Government expenditure on education, total (% of GDP)",SE.XPD.TOTL.GD.ZS,2.92463994026184,2.89222002029419,2.93517994880676,2.46983003616333,2.32806992530823,2.42579007148743,2.48518991470337,2.58282995223999,2.53777003288269,..,..,..,..,2.66454238129968,2.83052303785203,3.30128109042443,3.96384087403915,3.85502760745456,3.40748649142134,3.85829051308063,3.87249754784633,3.57960089528426,3.6236863467978,3.92501087473821,3.96922646675346
Philippines,PHL,"Government expenditure on education, total (% of government expenditure)",SE.XPD.TOTL.GB.ZS,13.9159097671509,14.0689296722412,14.380220413208,12.7508497238159,12.4223604202271,13.2685298919678,13.6670198440552,14.4419898986816,13.2111597061157,..,..,..,..,15.5159407407407,15.1455329623945,16.6420963421947,19.5904269552239,18.6920129280595,18.1630919978121,16.8932648780488,16.6816593430981,15.6964005295008,16.7279840736522,16.5494857826479,15.1952376979373
Philippines,PHL,"Government expenditure per student, secondary (% of GDP per capita)",SE.XPD.SECO.PC.ZS,9.08819,8.92556,9.83623,8.84724,8.90511,..,8.8309,9.19364,..,..,..,..,..,..,..,..,..,..,..,..,..,..,..,..,..
Philippines,PHL,"Children out of school, primary",SE.PRM.UNER,1722199,1691305,1754918,1788500,1731449,1908174,1901756,1817138,1610637,..,..,..,..,1372966,1475549,1508140,1494425,1518961,1285015,1198429,1731428,1531686,1470794,1616165,..
Philippines,PHL,"Children out of school, primary, female",SE.PRM.UNER.FE,723926,678568,730731,735391,691052,775186,772198,731263,656571,..,..,..,..,589308,647519,693480,717659,760456,677713,659896,906898,815464,804214,872062,..
Philippines,PHL,"Children out of school, primary, male",SE.PRM.UNER.MA,998273,1012737,1024187,1053109,1040397,1132988,1129558,1085875,954066,..,..,..,..,783658,828030,814660,776766,758505,607302,538533,824530,716222,666580,744103,..
Philippines,PHL,"School enrollment, primary and secondary (gross), gender parity index (GPI)",SE.ENR.PRSC.FM.ZS,1.03031003475189,1.02637994289398,1.02481997013092,1.02566003799438,1.03018999099731,1.0278400182724,1.02347004413605,1.02131998538971,1.01779997348785,..,..,..,..,1.01531004905701,1.00727999210358,1.00882005691528,1.01848995685577,1.02580893039703,1.02519476413727,1.0238698720932,1.02612137794495,..,..,..,..
Philippines,PHL,GDP per capita (current US$),NY.GDP.PCAP.CD,969.530611744453,1014.90879320106,1027.2301192843,1099.63013023758,1220.46018559867,1426.14649179546,1712.65543282793,1959.29233534978,1864.45043406471,2162.91375885614,2383.91892522087,2614.61644401308,2781.27957677397,2866.83803761407,2909.85818010301,2985.19564024046,3038.12124959289,3168.51036609727,3400.78949767074,3227.57910235199,3484.38593882819,3548.06930572116,3804.08274131097,3984.8315387656,..
Philippines,PHL,"Life expectancy at birth, total (years)",SP.DYN.LE00.IN,67.829,67.886,68.049,68.301,68.423,68.172,68.549,68.643,68.631,68.883,69.096,69.237,69.283,69.311,69.45,69.49,69.966,69.761,69.68,70.097,66.675,69.472,69.833,69.946,..
Philippines,PHL,Urban population (% of total population),SP.URB.TOTL.IN.ZS,39.5375185608843,39.9553922931877,40.3928506135438,40.8507057988121,41.3297701258519,41.8308558715226,42.3470499959497,43.1547492407016,44.3356772609527,45.5208176726647,46.6833632464759,47.9182784810426,49.1313688766206,50.2392400212368,51.1549047745227,51.9114748151175,52.6010482354344,53.2088897464754,53.7157859948017,54.1077719895977,54.4504102510776,54.7902343568327,55.1242716168851,55.4520983215477,..
Philippines,PHL,"Population, total",SP.POP.TOTL,81401488,83068889,84731835,86394504,88015962,89508986,91075184,92699095,94384250,96337125,98248614,100175512,102076336,103767130,105312992,106735719,108119693,109465287,110804683,112081264,113100950,113964338,114891199,115843670,..
Singapore,SGP,"School enrollment, primary (% gross)",SE.PRM.ENRR,..,..,..,..,..,..,..,..,..,..,..,..,..,..,..,100.773205741627,100.626953870432,100.261866636903,100.692578354355,100.53590938338,99.8746450408043,99.5780376637324,100.245139192048,..,..
Singapore,SGP,"School enrollment, secondary (% gross)",SE.SEC.ENRR,..,..,..,..,..,..,..,..,..,..,..,..,..,..,..,107.745868589242,107.472873863465,105.745250914262,104.621987875083,103.115839213946,102.951274385922,103.009804103267,103.082801906213,..,..
Singapore,SGP,"School enrollment, tertiary (% gross)",SE.TER.ENRR,..,..,..,..,..,..,..,..,..,93.2696812803906,95.9817452372883,101.99681244982,..,..,..,83.9409778236648,84.7929138455372,88.8864453410769,91.0889904414776,93.134767179468,97.0989103061521,98.02222650098,97.2886546863037,..,..
Singapore,SGP,"Primary completion rate, total (% of relevant age group)",SE.PRM.CMPT.ZS,..,..,..,..,..,..,..,..,..,..,..,..,..,..,..,99.7892735075682,99.2582396574138,99.9218336317103,98.0779511104631,101.401398882906,100.557975999389,99.6337388049726,96.8465629805147,..,..
Singapore,SGP,"Lower secondary completion rate, total (% of relevant age group)",SE.SEC.CMPT.LO.ZS,..,..,..,..,..,..,..,..,..,..,..,..,..,..,..,107.366446134097,104.631813586999,99.6465888137677,100.15980924357,100.356246864024,97.7593718580935,101.394644762637,101.576902567228,..,..
Singapore,SGP,"Literacy rate, adult total (% of people ages 15 and above)",SE.ADT.LITR.ZS,..,..,..,..,..,..,..,..,..,95.8600006103516,96.1900024414062,96.370002746582,96.5500030517578,96.7200012207031,96.8300018310547,97.0500030517578,97.1999969482422,97.3399963378906,97.4800033569336,97.129997253418,97.6500015258789,..,..,..,..
Singapore,SGP,"Government expenditure on education, total (% of GDP)",SE.XPD.TOTL.GD.ZS,3.54250001907349,3.87852001190186,3.98194003105164,3.65276002883911,3.19596004486084,2.85911989212036,2.94673991203308,2.76460003852844,3.01012992858887,3.08044004440308,3.03077006340027,3.07084989547729,2.85435009002686,3.01358665503678,2.99161870509909,2.94466258946576,2.87916382421742,2.85314011573792,2.72783994674683,2.69227004051208,2.82732009887695,2.47478008270264,2.1037700176239,2.19099857819757,..
Singapore,SGP,"Government expenditure on education, total (% of government expenditure)",SE.XPD.TOTL.GB.ZS,21.5566596984863,21.4160709381104,24.7598304748535,22.7444095611572,22.2787895202637,22.5367794036865,23.2322902679443,30.0994091033936,21.852970123291,18.5717296600342,28.8618392944336,31.3717498779297,28.8391494750977,20.4744008205012,17.6953756282711,17.5508480540502,17.2535211267606,20.7195301055908,19.4742603302002,19.1947708129883,11.4717397689819,15.1349296569824,14.0704202651978,12.8611152384608,11.9934514626219
Singapore,SGP,"Government expenditure per student, secondary (% of GDP per capita)",SE.XPD.SECO.PC.ZS,..,..,..,..,..,..,..,13.99204,15.6371,16.53481,..,..,..,..,..,..,21.63771,..,..,..,..,..,..,..,..
Singapore,SGP,"Children out of school, primary",SE.PRM.UNER,..,..,..,..,..,..,..,..,..,..,..,..,..,..,..,24.4231993908761,71.8498302177468,476,235.85038467258,268.119291853829,1520,2201,504,..,..
Singapore,SGP,"Children out of school, primary, female",SE.PRM.UNER.FE,..,..,..,..,..,..,..,..,..,..,..,..,..,..,..,..,..,150,..,..,827,920,287,..,..
Singapore,SGP,"Children out of school, primary, male",SE.PRM.UNER.MA,..,..,..,..,..,..,..,..,..,..,..,..,..,..,..,..,..,326,..,..,693,1281,217,..,..
Singapore,SGP,"School enrollment, primary and secondary (gross), gender parity index (GPI)",SE.ENR.PRSC.FM.ZS,..,..,..,..,..,..,..,..,..,..,..,..,..,..,..,0.995970010757446,0.994949996471405,0.995630025863647,0.9966099858284,0.996010005474091,..,..,..,..,..
Singapore,SGP,GDP per capita (current US$),NY.GDP.PCAP.CD,21699.7414868907,22159.8373710639,23730.3840054566,27608.080013423,29961.3172812732,33768.4528234651,39432.8860198877,40008.5720489092,38926.8054365453,47236.683084953,53891.4570264372,55547.5553077786,56967.4257940383,57564.8023114977,55645.6068614606,57005.5887176547,61236.251270627,66881.6067035265,65952.0378959293,61410.0792630788,80056.1288247844,90299.0694637269,85412.230345235,90674.066632628,..
Singapore,SGP,"Life expectancy at birth, total (years)",SP.DYN.LE00.IN,78.2512195121951,78.5512195121951,79.0390243902439,79.490243902439,79.990243902439,80.1414634146341,80.4414634146342,80.790243902439,81.2414634146342,81.5414634146342,81.7439024390244,81.9951219512195,82.2463414634147,82.4951219512195,82.7439024390244,82.8463414634146,83.0951219512195,83.2975609756098,83.5951219512195,83.5439024390244,83.0926829268293,82.8951219512195,83.0975609756098,83.3463414634146,..
Singapore,SGP,Urban population (% of total population),SP.URB.TOTL.IN.ZS,100,100,100,100,100,100,100,100,100,100,100,100,100,100,100,100,100,100,100,100,100,100,100,100,..
Singapore,SGP,"Population, total",SP.POP.TOTL,4138012,4175950,4114826,4166664,4265762,4401365,4588599,4839396,4987573,5076732,5183688,5312437,5399162,5469724,5535002,5607283,5612253,5638676,5703569,5685807,5453566,5637022,5917648,6036860,..
Thailand,THA,"School enrollment, primary (% gross)",SE.PRM.ENRR,95.3342666625977,96.070182800293,..,97.9626998901367,98.4672393798828,98.4360427856445,97.8308029174805,96.5354995727539,93.5188827514648,89.2488479614258,95.6526031494141,96.4982681274414,97.1840591430664,103.479377746582,103.333457946777,104.941299438477,101.863590810489,102.013545184574,103.012241063391,103.859900460568,103.619796585158,104.833004394528,102.574975655738,101.004223573604,100.728168483387
Thailand,THA,"School enrollment, secondary (% gross)",SE.SEC.ENRR,64.0281982421875,65.5458221435547,..,67.444221496582,71.8262786865234,71.6298599243164,75.7808074951172,75.2078475952148,76.6007080078125,78.3943786621094,86.9894790649414,85.5365295410156,83.854850769043,123.525459289551,124.330596923828,122.563217163086,79.5062371844027,80.6045305135668,81.7206425877734,82.3668560969625,84.6644528199547,88.0661686868399,93.3356315272258,92.507325535959,92.0872315506486
Thailand,THA,"School enrollment, tertiary (% gross)",SE.TER.ENRR,38.9344787597656,40.1257095336914,41.1551513671875,42.1445999145508,44.3367195129395,44.1761817932129,47.55419921875,46.3521308898926,46.2023391723633,46.3783774485726,52.7332765596589,50.7403100613359,49.6879408184566,49.9091820021394,45.713134717198,49.3227291503798,47.427491541895,46.1667791174286,44.9880040072053,42.5900878816865,43.4690405127808,43.29484965617,45.4407811172674,44.9845744019321,49.0776442074561
Thailand,THA,"Primary completion rate, total (% of relevant age group)",SE.PRM.CMPT.ZS,87.1202621459961,..,..,..,..,..,..,..,..,..,..,..,..,..,..,..,96.5465393066406,97.2662200927734,99.0766391982771,100.602278927941,101.046773083353,104.886385919859,102.096899824548,102.552313493182,107.071112896746
Thailand,THA,"Lower secondary completion rate, total (% of relevant age group)",SE.SEC.CMPT.LO.ZS,..,..,..,..,..,..,..,..,..,..,..,..,..,..,81.1599502563477,82.4216537475586,80.4054718017578,82.242398673325,85.6530659577884,87.78733266172,89.3823174686953,91.433239287936,96.4315653736608,102.798551904486,95.7452513487135
Thailand,THA,"Literacy rate, adult total (% of people ages 15 and above)",SE.ADT.LITR.ZS,..,..,..,..,93.5100021362305,..,..,..,..,96.4300003051758,..,..,93.6999969482422,..,92.870002746582,91.9800033569336,..,93.7699966430664,91.2699966430664,..,..,91.0999984741211,..,..,..
Thailand,THA,"Government expenditure on education, total (% of GDP)",SE.XPD.TOTL.GD.ZS,4.81787014007568,3.86491990089417,3.72561001777649,4.03088998794556,3.93859004974365,4.05038022994995,3.60314989089966,3.50850009918213,3.86193990707398,3.50846004486084,4.80556011199951,4.53672981262207,4.12401008605957,3.91917751852112,3.86397622727286,3.76761756770937,3.46532147640365,3.19769395901619,3.02221411183282,3.15314171737183,2.98212428478268,2.61187022798634,2.52122219628772,..,..
Thailand,THA,"Government expenditure on education, total (% of government expenditure)",SE.XPD.TOTL.GB.ZS,24.241340637207,16.2229309082031,20.8663501739502,21.457670211792,20.5468196868896,22.0027904510498,18.4846706390381,18.1628494262695,18.1783008575439,16.222620010376,22.6302394866943,21.3967990875244,19.1255207061768,20.5354099009901,20.6230990291262,19.8021649855908,18.3623674307219,17.1662098360656,17.0142333333333,15.431959375,14.691722834279,14.6416516129032,14.1862982731554,13.0909885057471,12.6170836997362
Thailand,THA,"Government expenditure per student, secondary (% of GDP per capita)",SE.XPD.SECO.PC.ZS,15.43465,..,..,14.77554,..,..,..,7.03937,8.44554,14.0318,14.22716,18.40935,17.99841,..,..,..,..,..,..,..,..,..,..,..,..
Thailand,THA,"Children out of school, primary",SE.PRM.UNER,..,..,..,..,..,258941,288540,358347,420969,..,..,..,..,..,..,..,156065.117625853,12414.6021045428,25370.8689756161,17935.7428231146,22896.893101478,14086.2694955701,72337.8050472792,24588,36067
Thailand,THA,"Children out of school, primary, female",SE.PRM.UNER.FE,..,..,..,..,..,110897,138637,193638,227875,..,..,..,..,..,..,..,..,..,..,..,..,..,..,23928,27087
Thailand,THA,"Children out of school, primary, male",SE.PRM.UNER.MA,..,..,..,..,..,148044,149903,164709,193094,..,..,..,..,..,..,..,..,..,..,..,..,..,..,660,8980
Thailand,THA,"School enrollment, primary and secondary (gross), gender parity index (GPI)",SE.ENR.PRSC.FM.ZS,0.976549983024597,0.985090017318726,..,1.01288998126984,1.00288999080658,1.01591002941132,1.02389001846313,1.02392995357513,1.02934002876282,1.02680003643036,1.02875995635986,1.0271600484848,1.03692996501923,1.03778004646301,0.953830003738403,0.999880015850067,0.993813335895538,1.02044188976288,0.995571434497833,0.995733320713043,1.01338183879852,1.02751123905182,..,..,..
Thailand,THA,GDP per capita (current US$),NY.GDP.PCAP.CD,1889.93432467144,2089.75183111554,2347.54001286066,2641.56268717857,2867.70383436062,3331.32043511773,3918.52817434581,4309.13509292986,4135.43986952819,4973.86288823778,5373.6232832898,5725.52802835463,6018.08244729255,5801.1978916205,5688.85335397884,5833.57715617098,6413.09182530343,7099.77650081458,7605.69657797759,6985.64393892574,7057.20754802279,6909.35281815827,7195.10130919449,7346.62022142185,..
Thailand,THA,"Life expectancy at birth, total (years)",SP.DYN.LE00.IN,71.52,71.775,72.101,72.1,72.894,73.341,73.779,74.221,74.669,75.012,75.302,75.59,75.96,76.279,76.563,76.769,76.989,77.19,77.197,77.331,77.606,75.291,76.412,76.564,..
Thailand,THA,Urban population (% of total population),SP.URB.TOTL.IN.ZS,32.7428054763889,34.0732781018222,35.4270354382579,36.785516284484,38.1301594392881,39.4424037014582,40.7036878697821,41.8954507430475,42.9991311200422,44.0018736622496,44.8048723557374,45.373565813715,45.8321343847773,46.3138799467897,46.9521043776171,47.8801095551247,49.2311973571777,54.5843734741211,55.9266166687012,57.2358779907227,58.5087776184082,59.742374420166,60.9341926574707,61.8689338391321,..
Thailand,THA,"Population, total",SP.POP.TOTL,63651141,64266437,64868166,65452047,66017420,66567687,67102394,67619830,68121080,68579447,69007208,69436098,69845114,70216367,70540795,70859841,71160187,71376079,71522271,71641484,71727332,71735329,71702435,71668011,..
Timor-Leste,TLS,"School enrollment, primary (% gross)",SE.PRM.ENRR,151.196975708008,138.640762329102,129.396530151367,126.797088623047,121.387603759766,..,..,123.960227966309,125.8955078125,128.029085001864,130.796519519568,129.969976978814,128.884641566738,127.791979258318,126.646454350675,123.315981015137,117.545590260011,113.613823069409,111.537505941321,110.606703667428,123.584941487948,119.036719326581,119.652693100113,..,..
Timor-Leste,TLS,"School enrollment, secondary (% gross)",SE.SEC.ENRR,41.3206901550293,44.7095603942871,46.5835189819336,57.962100982666,59.4707984924316,..,..,57.0646095275879,67.0938568115234,68.3026309590313,70.1640602638495,70.0278421982138,67.8276665960217,69.3739464182596,72.9840325557506,77.3856943732818,81.1665700933061,83.0952419040915,85.1248242560832,84.7410404382553,..,..,..,..,..
Timor-Leste,TLS,"School enrollment, tertiary (% gross)",SE.TER.ENRR,..,8.40392971038818,..,..,..,..,..,..,16.5156002044678,17.7029094696045,..,..,..,..,..,..,..,..,..,..,..,..,30.9611108169641,..,..
Timor-Leste,TLS,"Primary completion rate, total (% of relevant age group)",SE.PRM.CMPT.ZS,..,..,..,..,..,..,..,98.2040176391602,84.2549514770508,75.2202946440865,81.4195236128322,85.7176250584385,91.2865497076023,96.2563938618926,101.275182504621,97.3353459429487,96.6891288962737,100.182736085731,101.973167436453,100.108904548366,101.045730208163,86.5451764158159,93.210472040185,..,..
Timor-Leste,TLS,"Lower secondary completion rate, total (% of relevant age group)",SE.SEC.CMPT.LO.ZS,..,..,..,..,..,..,..,56.2172317504883,74.4021072387695,74.0266313658309,78.153714374708,73.2906462967124,68.102192374658,..,..,80.7657276689871,86.2753906876745,90.5783200729583,87.8791626727683,88.260856165439,..,..,..,..,..
Timor-Leste,TLS,"Literacy rate, adult total (% of people ages 15 and above)",SE.ADT.LITR.ZS,37.5999984741211,..,..,..,..,..,50.5999984741211,..,..,58.310001373291,..,..,..,..,64.4499969482422,65.7799987792969,..,..,..,..,..,69.4000015258789,..,..,..
Timor-Leste,TLS,"Government expenditure on education, total (% of GDP)",SE.XPD.TOTL.GD.ZS,..,..,..,..,..,..,..,8.67014980316162,12.9024801254272,11.1065797805786,10.1935195922852,7.16214990615845,5.66632986068726,7.51430988311768,8.46706962585449,8.12837982177734,7.17093992233276,6.848060131073,4.17968913742937,3.65287360437751,2.97389404101318,..,5.24052834781801,..,..
Timor-Leste,TLS,"Government expenditure on education, total (% of government expenditure)",SE.XPD.TOTL.GB.ZS,..,..,..,..,..,..,..,7.09053993225098,10.5861196517944,9.15421009063721,7.65089988708496,5.53769016265869,5.89317989349365,6.77287006378174,8.63696956634521,7.24691009521484,8.21769046783447,8.00562953948975,6.86969221637237,6.95663710899488,7.47076980255183,..,..,6.27514023058775,4.33096718461303
Timor-Leste,TLS,"Government expenditure per student, secondary (% of GDP per capita)",SE.XPD.SECO.PC.ZS,..,..,..,..,..,..,..,..,..,..,1.4407,2.54014,4.35806,7.92381,..,..,..,..,..,..,..,..,..,..,..
Timor-Leste,TLS,"Children out of school, primary",SE.PRM.UNER,..,..,..,..,..,..,..,19567,12577,10663,7462,12197,12354,13015,12810,13840,9195,10475,10554,9477,..,..,13085,..,..
Timor-Leste,TLS,"Children out of school, primary, female",SE.PRM.UNER.FE,..,..,..,..,..,..,..,9472,5982,4231,2801,4901,4633,3856,3441,4206,2225,3311,3057,2767,..,..,4375,..,..
Timor-Leste,TLS,"Children out of school, primary, male",SE.PRM.UNER.MA,..,..,..,..,..,..,..,10095,6595,6432,4661,7296,7721,9159,9369,9634,6970,7164,7497,6710,..,..,8710,..,..
Timor-Leste,TLS,"School enrollment, primary and secondary (gross), gender parity index (GPI)",SE.ENR.PRSC.FM.ZS,..,..,..,0.925040006637573,0.927569985389709,..,..,0.945540010929108,0.945919990539551,0.959487497806549,0.964638531208038,0.96873277425766,0.979978978633881,1.00216567516327,1.00230395793915,1.00263714790344,1.00517749786377,1.01275599002838,1.0269250869751,1.03229761123657,..,..,..,..,..
Timor-Leste,TLS,GDP per capita (current US$),NY.GDP.PCAP.CD,587.700634429079,533.982465942154,534.901171348385,474.420726695663,487.464506929223,464.667016791076,540.154630518785,628.153191495026,686.579329690731,813.060220670369,939.045238884406,1022.61906675901,1204.56843320518,1224.74956308733,1319.59295003154,1335.54391073349,1266.17771143471,1219.46599728983,1562.36458068032,1630.86938521256,2684.92676774277,2343.24954740187,1502.41147438211,1331.9705130185,..
Timor-Leste,TLS,"Life expectancy at birth, total (years)",SP.DYN.LE00.IN,58.772,59.477,60.13,60.743,61.272,61.881,62.396,62.858,63.265,63.66,64.022,64.384,64.719,65.027,65.326,65.61,65.898,66.204,66.496,66.919,66.199,67.368,67.689,67.904,..
Timor-Leste,TLS,Urban population (% of total population),SP.URB.TOTL.IN.ZS,24.469641672156,24.8506108883184,25.2611540807581,25.7040830077802,26.3097308948751,27.121697883382,28.0011655196859,28.8076745459306,29.4007657042596,29.6398840020416,29.633352306451,29.6136082349605,29.5836906253246,29.5463092024041,29.5043315008419,29.4462907628171,29.3600996787092,29.248617510057,29.1148755245217,28.9619049897647,28.7927371734472,28.5857292288968,28.595471832952,28.6641074179574,..
Timor-Leste,TLS,"Population, total",SP.POP.TOTL,812249,879159,916878,929074,948311,976597,1004889,1032429,1058782,1084679,1110207,1134885,1158695,1181903,1205131,1228312,1251703,1275959,1300945,1326053,1350139,1369295,1384286,1400638,..
Viet Nam,VNM,"School enrollment, primary (% gross)",SE.PRM.ENRR,111.295097351074,109.35701751709,107.77010345459,106.744956970215,104.89729309082,103.91251373291,102.282257080078,100.98104095459,100.057693481445,100.919677734375,101.384051611447,102.054953695526,102.262367182756,103.083557760139,103.278372065069,105.947597481197,104.437659436385,104.190504718464,103.337272102979,102.847744602601,103.391282723881,104.129392785949,105.170807361038,106.332886485835,..
Viet Nam,VNM,"School enrollment, secondary (% gross)",SE.SEC.ENRR,..,..,..,..,..,..,..,..,..,..,..,..,..,..,89.4548341262217,90.1583347107672,91.0725198149335,92.8377710790826,94.654621676317,93.1921389514105,92.7690209240401,93.4123434096522,..,..,..
Viet Nam,VNM,"School enrollment, tertiary (% gross)",SE.TER.ENRR,9.30103015899658,9.55722999572754,9.91792964935303,..,15.8760204315185,16.8052501678467,18.9504508972168,20.0552005767822,21.5007190704346,23.9250975429329,25.8674734818525,25.7487091222031,25.6249412769592,31.3306389293887,29.7250797402999,29.0811980839409,25.9526307046456,..,30.2241191864014,..,41.9554971195048,44.7536854027422,32.8415128147815,37.5923642016718,..
Viet Nam,VNM,"Primary completion rate, total (% of relevant age group)",SE.PRM.CMPT.ZS,108.231903076172,104.789192199707,105.462059020996,..,100.358787536621,103.381217956543,..,..,..,..,96.4903182983398,99.7439270019531,98.568433005299,97.5535949505463,97.3375088531888,99.9538673376531,..,101.705109319402,..,..,..,100.779516746248,..,100.588170556547,..
Viet Nam,VNM,"Lower secondary completion rate, total (% of relevant age group)",SE.SEC.CMPT.LO.ZS,68.719970703125,77.0312881469727,..,..,89.3802719116211,..,..,..,..,..,79.6854476928711,78.8203277587891,..,93.3476444798844,93.6145165709975,85.7404843413968,..,90.6296985277737,..,..,..,92.5065999182538,92.981800847596,95.2140054232305,..
Viet Nam,VNM,"Literacy rate, adult total (% of people ages 15 and above)",SE.ADT.LITR.ZS,..,..,..,..,..,..,..,..,93.5199966430664,..,..,..,..,..,..,..,..,..,95.75,..,..,96.129997253418,..,..,..
Viet Nam,VNM,"Government expenditure on education, total (% of GDP)",SE.XPD.TOTL.GD.ZS,..,..,..,..,..,..,..,4.8867301940918,4.81650018692017,4.04594993591309,3.7802300453186,4.40817022323608,4.52833986282349,3.54012312110584,3.41660449674943,3.46906995773315,3.41865686539527,3.29537010192871,3.08499832693462,3.21652900152514,2.94517488804327,2.88738689372749,..,..,..
Viet Nam,VNM,"Government expenditure on education, total (% of government expenditure)",SE.XPD.TOTL.GB.ZS,..,..,..,..,..,..,..,18.0012397766113,15.1887102127075,17.0566692352295,17.8112697601318,18.7849903106689,18.515510559082,16.8122897465781,15.0167530601057,15.6049003601074,15.4742966457626,16.0908699035644,15.571949049475,14.4718812047317,14.8174866627149,15.4493443908999,..,..,..
Viet Nam,VNM,"Government expenditure per student, secondary (% of GDP per capita)",SE.XPD.SECO.PC.ZS,..,..,..,..,..,..,..,..,..,..,..,..,..,..,..,..,..,..,..,..,..,..,..,..,..
Viet Nam,VNM,"Children out of school, primary",SE.PRM.UNER,0,29577,..,..,142159,67967,..,139588,146927,7645,57425,0,0,23805.8535632407,40536.9714128906,11322.155833899,51872.4235661905,112020.857700953,178013.752839176,175465.157872559,111762,166519.400535172,147000.451951424,144562.454110111,..
Viet Nam,VNM,"Children out of school, primary, female",SE.PRM.UNER.FE,..,..,..,..,..,..,..,..,..,..,..,..,..,..,..,..,..,..,..,..,105509,..,..,..,..
Viet Nam,VNM,"Children out of school, primary, male",SE.PRM.UNER.MA,..,..,..,..,..,..,..,..,..,..,..,..,..,..,..,..,..,..,..,..,6253,..,..,..,..
Viet Nam,VNM,"School enrollment, primary and secondary (gross), gender parity index (GPI)",SE.ENR.PRSC.FM.ZS,..,..,..,..,..,..,..,..,..,..,..,..,..,..,..,..,..,..,..,..,..,..,..,..,..
Viet Nam,VNM,GDP per capita (current US$),NY.GDP.PCAP.CD,419.205677580901,445.132861817313,497.117089249256,565.452284586212,710.746759994861,807.756645117054,925.640338348717,1163.83195772873,1226.16976051536,1683.16182443979,1950.92504174913,2185.11767654291,2359.51736472828,2546.38464459903,2577.56885340113,2735.0604380416,2956.10992127753,3222.31003125366,3440.90025375434,3534.03953482647,3704.1935590038,4147.69777213621,4323.35031982451,4717.29028732449,..
Viet Nam,VNM,"Life expectancy at birth, total (years)",SP.DYN.LE00.IN,72.984,73.138,73.236,73.062,73.198,73.293,73.385,73.455,73.525,73.611,73.713,73.762,73.821,73.886,73.955,73.984,74.026,74.1,74.211,75.383,74.145,74.502,74.588,74.736,..
Viet Nam,VNM,Urban population (% of total population),SP.URB.TOTL.IN.ZS,24.9489362725143,25.5540925665659,26.1745407830283,26.8021001307977,27.4285898187702,28.0458290558422,28.6456370509099,29.2198330128693,29.7581347355675,30.2504027258526,30.6996041680996,31.1222779403029,31.5334201724543,31.9480269945454,32.3810945365679,32.8476189285136,33.3625963003742,33.9410227821412,34.6239134999511,35.5706676299742,36.6540656426603,37.5478515625,38.1298904418945,38.4900703430176,..
Viet Nam,VNM,"Population, total",SP.POP.TOTL,77969361,78772224,79563777,80338971,81088313,82167897,83633375,85175788,86460018,87455152,88468314,89510356,90573104,91679578,92823254,94000117,95176977,96237319,97173776,98079191,98935098,99680655,100352192,100987686,..
,,,,,,,,,,,,,,,,,,,,,,,,,,,,
,,,,,,,,,,,,,,,,,,,,,,,,,,,,
,,,,,,,,,,,,,,,,,,,,,,,,,,,,
Data from database: World Development Indicators,,,,,,,,,,,,,,,,,,,,,,,,,,,,
Last Updated: 04/08/2026,,,,,,,,,,,,,,,,,,,,,,,,,,,,
Code,License Type,Indicator Name,Long definition,Source,Topic,Dataset,Unit of measure,Periodicity,Reference period,Aggregation method,Statistical concept and methodology,Development relevance,Limitations and exceptions,Other notes,License URL
SE.PRM.ENRR,CC BY-4.0,"School enrollment, primary (% gross)","Gross enrollment ratio is the ratio of total enrollment, regardless of age, to the population of the age group that officially corresponds to the level of education shown. Primary education provides children with basic reading, writing, and mathematics skills along with an elementary understanding of such subjects as history, geography, natural science, social science, art, and music.","Data API, UN Educational, Scientific and Cultural Organization (UNESCO), uri: https://databrowser.uis.unesco.org/resources, note: The data are obtained through the UIS API.  Detailed documentation is available at: https://api.uis.unesco.org/api/public/documentation/, publisher: UNESCO Institute for Statistics (UIS), type: Bulk file (csv), date accessed: 2026-03-19, date published: 2026-02",Education: Participation,WB_WDI,% of population in the 5-year age group immediately following preprimary education,Annual,1970-2025,Weighted average,"Methodology: Gross enrollment ratio for primary school is calculated by dividing the number of students enrolled in primary education regardless of age by the population of the age group which officially corresponds to primary education, and multiplying by 100. 



















Data on education are collected by the UNESCO Institute for Statistics from official responses to its annual education survey. All the data are mapped to the International Standard Classification of Education (ISCED) to ensure the comparability of education programs at the international level. The current version was formally adopted by UNESCO Member States in 2011. Population data are drawn from the United Nations Population Division. Using a single source for population data standardizes definitions, estimations, and interpolation methods, ensuring a consistent methodology across countries and minimizing potential enumeration problems in national censuses.



















The reference years reflect the school year for which the data are presented. In some countries the school year spans two calendar years (for example, from September 2010 to June 2011); in these cases the reference year refers to the year in which the school year ended (2011 in the example).
Statistical concept(s): Gross enrollment ratios indicate the capacity of each level of the education system, but a high ratio may reflect a substantial number of overage children enrolled in each grade because of repetition or late entry rather than a successful education system.","Primary education is fundamental to future educational success and opens pathways for continued advancement. This indicator measures the overall rate of participation in primary education, signifying the education system's ability to enroll students within a specific age cohort.","Enrollment indicators are based on annual school surveys, but do not necessarily reflect actual attendance or dropout rates during the year. Also, the length of education differs across countries and can influence enrollment rates, although the International Standard Classification of Education (ISCED) tries to minimize the difference. For example, a shorter duration for primary education tends to increase the rate; a longer one to decrease it (in part because older children are more at risk of dropping out). Moreover, age at enrollment may be inaccurately estimated or misstated, especially in communities where registration of births is not strictly enforced.",,https://datacatalog.worldbank.org/public-licenses#cc-by
SE.SEC.ENRR,CC BY-4.0,"School enrollment, secondary (% gross)","Gross enrollment ratio is the ratio of total enrollment, regardless of age, to the population of the age group that officially corresponds to the level of education shown. Secondary education completes the provision of basic education that began at the primary level, and aims at laying the foundations for lifelong learning and human development, by offering more subject- or skill-oriented instruction using more specialized teachers.","Data API, UN Educational, Scientific and Cultural Organization (UNESCO), uri: https://databrowser.uis.unesco.org/resources, note: The data are obtained through the UIS API.  Detailed documentation is available at: https://api.uis.unesco.org/api/public/documentation/, publisher: UNESCO Institute for Statistics (UIS), type: Bulk file (csv), date accessed: 2026-03-19, date published: 2026-02",Education: Participation,WB_WDI,% of population in the 5-year age group immediately following primary education,Annual,1970-2025,Weighted average,"Methodology: Gross enrollment ratio for secondary school is calculated by dividing the number of students enrolled in secondary education regardless of age by the population of the age group which officially corresponds to secondary education, and multiplying by 100. 



















Data on education are collected by the UNESCO Institute for Statistics from official responses to its annual education survey. All the data are mapped to the International Standard Classification of Education (ISCED) to ensure the comparability of education programs at the international level. The current version was formally adopted by UNESCO Member States in 2011. Population data are drawn from the United Nations Population Division. Using a single source for population data standardizes definitions, estimations, and interpolation methods, ensuring a consistent methodology across countries and minimizing potential enumeration problems in national censuses.



















The reference years reflect the school year for which the data are presented. In some countries the school year spans two calendar years (for example, from September 2010 to June 2011); in these cases the reference year refers to the year in which the school year ended (2011 in the example).
Statistical concept(s): Gross enrollment ratios indicate the capacity of each level of the education system, but a high ratio may reflect a substantial number of overage children enrolled in each grade because of repetition or late entry rather than a successful education system.","Secondary education acts as a critical intermediary that not only builds upon the foundational knowledge acquired in primary education but also equips students for various pathways, including immediate entry into the workforce, further education in postsecondary non-tertiary institutions, or advancement to higher education. This indicator assesses the aggregate participation rate in secondary education, reflecting the education system's capacity to enroll students within a designated age group.","Enrollment indicators are based on annual school surveys, but do not necessarily reflect actual attendance or dropout rates during the year. Also, the length of education differs across countries and can influence enrollment rates, although the International Standard Classification of Education (ISCED) tries to minimize the difference. For example, a shorter duration for primary education tends to increase the rate; a longer one to decrease it (in part because older children are more at risk of dropping out). Moreover, age at enrollment may be inaccurately estimated or misstated, especially in communities where registration of births is not strictly enforced.",,https://datacatalog.worldbank.org/public-licenses#cc-by
SE.TER.ENRR,CC BY-4.0,"School enrollment, tertiary (% gross)","Gross enrollment ratio is the ratio of total enrollment, regardless of age, to the population of the age group that officially corresponds to the level of education shown. Tertiary education, whether or not to an advanced research qualification, normally requires, as a minimum condition of admission, the successful completion of education at the secondary level.","Data API, UN Educational, Scientific and Cultural Organization (UNESCO), uri: https://databrowser.uis.unesco.org/resources, note: The data are obtained through the UIS API.  Detailed documentation is available at: https://api.uis.unesco.org/api/public/documentation/, publisher: UNESCO Institute for Statistics (UIS), type: Bulk file (csv), date accessed: 2026-03-19, date published: 2026-02",Education: Participation,WB_WDI,% of population in the 5-year age group immediately following upper secondary education,Annual,1970-2025,Weighted average,"Methodology: Gross enrollment ratio for tertiary school is calculated by dividing the number of students enrolled in tertiary education regardless of age by the population of the age group which officially corresponds to tertiary education, and multiplying by 100. 



















Data on education are collected by the UNESCO Institute for Statistics from official responses to its annual education survey. All the data are mapped to the International Standard Classification of Education (ISCED) to ensure the comparability of education programs at the international level. The current version was formally adopted by UNESCO Member States in 2011. Population data are drawn from the United Nations Population Division. Using a single source for population data standardizes definitions, estimations, and interpolation methods, ensuring a consistent methodology across countries and minimizing potential enumeration problems in national censuses.



















The reference years reflect the school year for which the data are presented. In some countries the school year spans two calendar years (for example, from September 2010 to June 2011); in these cases the reference year refers to the year in which the school year ended (2011 in the example).
Statistical concept(s): Gross enrollment ratios indicate the capacity of each level of the education system, but a high ratio may reflect a substantial number of overage children enrolled in each grade because of repetition or late entry rather than a successful education system.","Sustainable Development Goal (SDG) target 4.3 is committed to providing equitable access to affordable and high-quality technical, vocational, and tertiary education, including university, for both women and men. This particular indicator reflects the overall capacity of the educational infrastructure to support enrolment within a specified age demographic at the tertiary level.","Enrollment indicators are based on annual school surveys, but do not necessarily reflect actual attendance or dropout rates during the year. Also, the length of education differs across countries and can influence enrollment rates, although the International Standard Classification of Education (ISCED) tries to minimize the difference. For example, a shorter duration for primary education tends to increase the rate; a longer one to decrease it (in part because older children are more at risk of dropping out). Moreover, age at enrollment may be inaccurately estimated or misstated, especially in communities where registration of births is not strictly enforced.",,https://datacatalog.worldbank.org/public-licenses#cc-by
SE.PRM.CMPT.ZS,CC BY-4.0,"Primary completion rate, total (% of relevant age group)","Primary completion rate, or gross intake ratio to the last grade of primary education, is the number of new entrants (enrollments minus repeaters) in the last grade of primary education, regardless of age, divided by the population at the entrance age for the last grade of primary education. Data limitations preclude adjusting for students who drop out during the final year of primary education.","Data API, UN Educational, Scientific and Cultural Organization (UNESCO), uri: https://databrowser.uis.unesco.org/resources, note: The data are obtained through the UIS API.  Detailed documentation is available at: https://api.uis.unesco.org/api/public/documentation/, publisher: UNESCO Institute for Statistics (UIS), type: Bulk file (csv), date accessed: 2026-03-19, date published: 2026-02",Education: Outcomes,WB_WDI,% of relevant age group,Annual,1970-2025,Weighted average,"Methodology: Primary completion rate is calculated by dividing the number of new entrants (enrollment minus repeaters) in the last grade of primary education, regardless of age, by the population at the entrance age for the last grade of primary education and multiplying by 100. 





















Data on education are collected by the UNESCO Institute for Statistics from official responses to its annual education survey. All the data are mapped to the International Standard Classification of Education (ISCED) to ensure the comparability of education programs at the international level. The current version was formally adopted by UNESCO Member States in 2011. Population data are drawn from the United Nations Population Division. Using a single source for population data standardizes definitions, estimations, and interpolation methods, ensuring a consistent methodology across countries and minimizing potential enumeration problems in national censuses.





















The reference years reflect the school year for which the data are presented. In some countries the school year spans two calendar years (for example, from September 2010 to June 2011); in these cases the reference year refers to the year in which the school year ended (2011 in the example).
Statistical concept(s): The indicator represents the influence of policies regarding entry and progress through the initial stages of primary or lower secondary education on the completion of the terminal grade at the respective level. The presumption is that students who enroll in the final grade for the first time will successfully finish that grade, thereby completing the designated level of education.","Primary education lays the groundwork for acquiring essential literacy and numeracy skills, setting the stage for a robust learning journey and fostering overall personal and social growth.  SDG target 4.1 aims to ensure that all children complete free, equitable, and quality primary education.  This indicator holds significant relevance for policy-makers dedicated to enhancing children's educational access and engagement. It gauges the capacity of the education system to support a group of students from their expected entry age to the completion of all grades of primary education.","The data do not account for students who drop out during the final year of primary education. Therefore, this rate serves as a proxy and should be considered an upper estimate of the actual primary completion rate.









 














There are many reasons why the primary completion rate can exceed 100 percent. The numerator may include late entrants and overage children who have repeated one or more grades of primary education as well as children who entered school early, while the denominator is the number of children at the entrance age for the last grade of primary education.",,https://datacatalog.worldbank.org/public-licenses#cc-by
SE.SEC.CMPT.LO.ZS,CC BY-4.0,"Lower secondary completion rate, total (% of relevant age group)","Lower secondary education completion rate is measured as the gross intake ratio to the last grade of lower secondary education (general and pre-vocational). It is calculated as the number of new entrants in the last grade of lower secondary education, regardless of age, divided by the population at the entrance age for the last grade of lower secondary education.","Data API, UN Educational, Scientific and Cultural Organization (UNESCO), uri: https://databrowser.uis.unesco.org/resources, note: The data are obtained through the UIS API.  Detailed documentation is available at: https://api.uis.unesco.org/api/public/documentation/, publisher: UNESCO Institute for Statistics (UIS), date accessed: 2026-03-19, date published: 2026-02",Education: Outcomes,WB_WDI,% of relevant age group,Annual,1970-2025,Weighted average,"Methodology: Lower secondary completion rate is calculated as the number of new entrants (enrollment minus repeaters) in the last grade of lower secondary education, regardless of age, divided by the population at the entrance age for the last grade of lower secondary education. 



















Data on education are collected by the UNESCO Institute for Statistics from official responses to its annual education survey. All the data are mapped to the International Standard Classification of Education (ISCED) to ensure the comparability of education programs at the international level. The current version was formally adopted by UNESCO Member States in 2011. Population data are drawn from the United Nations Population Division. Using a single source for population data standardizes definitions, estimations, and interpolation methods, ensuring a consistent methodology across countries and minimizing potential enumeration problems in national censuses.



















The reference years reflect the school year for which the data are presented. In some countries the school year spans two calendar years (for example, from September 2010 to June 2011); in these cases the reference year refers to the year in which the school year ended (2011 in the example).
Statistical concept(s): The indicator represents the influence of policies regarding entry and progress through the initial stages of primary or lower secondary education on the completion of the terminal grade at the respective level. The presumption is that students who enroll in the final grade for the first time will successfully finish that grade, thereby completing the designated level of education.","Lower secondary education serves as a critical platform for lifelong learning and human development, providing a foundation for further educational pursuits. In certain systems, it includes vocational education programs that equip individuals with skills pertinent to the workforce. SDG target 4.1 aims to ensure that all children complete free, equitable, and quality primary education.  This indicator is particularly important for policymakers who are committed to improving children's access to and participation in education. It measures the ability of the education system to enroll and retain students from the designated starting age through to the completion of all levels of lower secondary education.","The data do not account for students who drop out during the final year of primary education. Therefore, this rate serves as a proxy and should be considered an upper estimate of the actual primary completion rate.









 














There are many reasons why the primary completion rate can exceed 100 percent. The numerator may include late entrants and overage children who have repeated one or more grades of primary education as well as children who entered school early, while the denominator is the number of children at the entrance age for the last grade of primary education.",,https://datacatalog.worldbank.org/public-licenses#cc-by
SE.ADT.LITR.ZS,CC BY-4.0,"Literacy rate, adult total (% of people ages 15 and above)",Adult literacy rate is the percentage of people ages 15 and above who can both read and write with understanding a short simple statement about their everyday life.,"Data API, UN Educational, Scientific and Cultural Organization (UNESCO), uri: https://databrowser.uis.unesco.org/resources, note: The data are obtained through the UIS API.  Detailed documentation is available at: https://api.uis.unesco.org/api/public/documentation/, publisher: UNESCO Institute for Statistics (UIS), type: Excel (bulk file), date accessed: 2026-03-19, date published: 2026-02",Education: Outcomes,WB_WDI,% of people ages 15 and above,Annual,1970-2024,Weighted average,"Methodology: The indicator is calculated by the number of literate adults divided by the total number of adults, excluding adults with unknown literacy status.  




Data on literacy are compiled by the UNESCO Institute for Statistics based on national censuses and household surveys and, for countries without recent literacy data, using the Global Age-Specific Literacy Projection Model (GALP). For detailed information, see www.uis.unesco.org.
Statistical concept(s): Literacy statistics for most countries cover the population ages 15 and older, but some include younger ages or are confined to age ranges that tend to inflate literacy rates. The youth literacy rate for ages 15-24 reflects recent progress in education. It measures the accumulated outcomes of primary education over the previous 10 years or so by indicating the proportion of the population who have passed through the primary education system and acquired basic literacy and numeracy skills. Generally, literacy also encompasses numeracy, the ability to make simple arithmetic calculations.","Literacy rate is an outcome indicator to evaluate educational attainment. This data can predict the quality of future labor force and can be used in ensuring policies for life skills for men and women.





















It can be also used as a proxy instrument to see the effectiveness of education system; a high literacy rate suggests the capacity of an education system to provide a large population with opportunities to acquire literacy skills. The accumulated achievement of education is fundamental for further intellectual growth and social and economic development, although it doesn't necessarily ensure the quality of education.





















Literate women implies that they can seek and use information for the betterment of the health, nutrition and education of their household members. Literate women are also empowered to play a meaningful role.","In practice, literacy is difficult to measure. Estimating literacy rates requires census or survey measurements under controlled conditions. Many countries report the number of literate people from self-reported data. Some use educational attainment data as a proxy but apply different lengths of school attendance or levels of completion. Ant there is a trend among recent national and international surveys toward using a direct reading test of literacy skills. Because definitions and methods of data collection differ across countries, data should be used cautiously.",,https://datacatalog.worldbank.org/public-licenses#cc-by
SE.XPD.TOTL.GD.ZS,CC BY-4.0,"Government expenditure on education, total (% of GDP)","General government expenditure on education (current, capital, and transfers) is expressed as a percentage of GDP. It includes expenditure funded by transfers from international sources to government. General government usually refers to local, regional and central governments.","Data API, UN Educational, Scientific and Cultural Organization (UNESCO), uri: https://databrowser.uis.unesco.org/resources, note: The data are obtained through the UIS API.  Detailed documentation is available at: https://api.uis.unesco.org/api/public/documentation/, publisher: UNESCO Institute for Statistics (UIS), date accessed: 2026-03-19, date published: 2026-02",Education: Inputs,WB_WDI,% of GDP,Annual,1970-2025,Median,"Methodology: Government expenditure on education, total (% of GDP) is calculated by dividing total government expenditure for all levels of education by the GDP, and multiplying by 100. Aggregate data are based on World Bank estimates.



















Information pertaining to educational expenditures is sourced from national governments, which provide the data in response to the annual survey conducted by the UNESCO Institute for Statistics (UIS) or through the joint UNESCO-OECD-Eurostat (UOE) data collection initiative. The responses to the questionnaire regarding educational spending are typically derived from the annual financial statements issued by either the Ministry of Finance or the Ministry of Education, or from the national accounts maintained by the National Statistical Office. Additionally, data concerning GDP and overall government expenditure are accessible via the IMF’s World Economic Outlook database, which is updated annually.
Statistical concept(s): Generally, elevated levels of the indicator suggest that a government places a high priority on educational policy. Values ranging from 4% to 6% are indicative of a country achieving the benchmark set forth by the Education 2030 Framework for Action (https://unesdoc.unesco.org/ark:/48223/pf0000245656).



























Educational expenditure encompasses spending on fundamental educational goods and services, including teaching personnel, school infrastructure, textbooks, and instructional materials, as well as on ancillary educational goods and services such as support services, general administration, and other related activities.



























Funding for education may originate from public sources, encompassing all government ministries and agencies that finance or support educational programs within the country, as well as from international and private sources, such as household contributions.","Investment in education acts as a driving force for economic growth, enhances productivity, and promotes the betterment of individual and collective welfare. This indicator evaluates the extent to which a government prioritizes education in relation to its overall economic prosperity.",Data may refer to spending by the ministry of education only (excluding spending on educational activities by other ministries).,,https://datacatalog.worldbank.org/public-licenses#cc-by
SE.XPD.TOTL.GB.ZS,CC BY-4.0,"Government expenditure on education, total (% of government expenditure)","General government expenditure on education (current, capital, and transfers) is expressed as a percentage of total general government expenditure on all sectors (including health, education, social services, etc.). It includes expenditure funded by transfers from international sources to government. General government usually refers to local, regional and central governments.","Data API, UN Educational, Scientific and Cultural Organization (UNESCO), uri: https://databrowser.uis.unesco.org/resources, note: The data are obtained through the UIS API.  Detailed documentation is available at: https://api.uis.unesco.org/api/public/documentation/, publisher: UNESCO Institute for Statistics (UIS), date accessed: 2026-03-19, date published: 2026-02",Education: Inputs,WB_WDI,% of government expenditure,Annual,1980-2025,Median,"Methodology: Expenditure on education, total (% of government expenditure) is calculated by dividing total government expenditure on education by the total government expenditure on all sectors and multiplying by 100. Aggregate data are based on World Bank estimates.





















Information regarding educational expenditures is obtained from national governments through their responses to the annual survey on formal education conducted by the UNESCO Institute for Statistics (UIS). The data provided for this questionnaire often originates from the annual financial reports of the Ministry of Finance or the Ministry of Education, or from the national accounts compiled by the National Statistical Office. Additionally, comprehensive data on general government expenditure across all sectors are sourced from the International Monetary Fund's (IMF) World Economic Outlook database, which undergoes an annual update.
Statistical concept(s): A greater allocation of government funds towards education reflects a significant emphasis on educational priorities in comparison to other public sector investments. It is important to consider, however, that the capacity of governments to spend varies, resulting in differing budget sizes. Additionally, demographic factors such as the age distribution within a country can influence the proportion of spending on education versus other areas like health or social security.","Investment in education serves as a driving force for economic growth, enhancement of productivity, and the promotion of individual and collective prosperity. This indicator is instrumental in evaluating the extent to which a government prioritizes education, whether over time or in relation to other nations. Furthermore, it reflects the government's dedication to the investment in human capital development.","Data on government expenditure on education may refer to spending by the ministry of education only (excluding spending on educational activities by other ministries). In addition, definitions and methods of data on total general government expenditure may differ across countries.",,https://datacatalog.worldbank.org/public-licenses#cc-by
SE.XPD.SECO.PC.ZS,CC BY-4.0,"Government expenditure per student, secondary (% of GDP per capita)","Government expenditure per student is the average general government expenditure (current, capital, and transfers) per student in the given level of education, expressed as a percentage of GDP per capita.","Stat Bulk Data Download Service, UN Educational, Scientific and Cultural Organization (UNESCO), uri: https://uis.unesco.org/bdds, publisher: UNESCO Institute for Statistics (UIS)",Education: Inputs,WB_WDI,,Annual,1995-2018,Median,"Methodology: General government expenditure per student in secondary education is calculated by dividing total government expenditure on secondary education by the number of students at secondary level, expressed as a percentage of GDP per capita. Aggregate data are World Bank estimates.

Data on education are collected by the UNESCO Institute for Statistics from official responses to its annual education survey. All the data are mapped to the International Standard Classification of Education (ISCED) to ensure the comparability of education programs at the international level. The current version was formally adopted by UNESCO Member States in 2011. Data on GDP per capita come from the World Bank. 

The reference years reflect the school year for which the data are presented. In some countries the school year spans two calendar years (for example, from September 2010 to June 2011); in these cases the reference year refers to the year in which the school year ended (2011 in the example).
Statistical concept(s):",,,,https://datacatalog.worldbank.org/public-licenses#cc-by
SE.PRM.UNER,CC BY-4.0,"Children out of school, primary",Children out of school are the number of primary-school-age children not enrolled in primary or secondary school.,"Data API, UN Educational, Scientific and Cultural Organization (UNESCO), uri: https://databrowser.uis.unesco.org/resources, note: The data are obtained through the UIS API.  Detailed documentation is available at: https://api.uis.unesco.org/api/public/documentation/, publisher: UNESCO Institute for Statistics (UIS), type: Bulk file (csv), date accessed: 2026-03-19, date published: 2026-02",Education: Participation,WB_WDI,Number,Annual,1970-2025,Sum,"Methodology: The number of out-of-school children is calculated by subtracting the number of primary school-age children enrolled in primary or secondary school from the total population of the official primary school-age children. 



















Data on education are collected by the UNESCO Institute for Statistics from official responses to its annual education survey. All the data are mapped to the International Standard Classification of Education (ISCED) to ensure the comparability of education programs at the international level. The current version was formally adopted by UNESCO Member States in 2011. Population data are drawn from the United Nations Population Division. Using a single source for population data standardizes definitions, estimations, and interpolation methods, ensuring a consistent methodology across countries and minimizing potential enumeration problems in national censuses.



















The reference years reflect the school year for which the data are presented. In some countries the school year spans two calendar years (for example, from September 2010 to June 2011); in these cases the reference year refers to the year in which the school year ended (2011 in the example).
Statistical concept(s): This indicator measures the proportion of the population within the official age range for a specific educational level who are not currently enrolled in school. The data aids in identifying these individuals to tailor targeted interventions and formulate effective policies, ensuring that all children have the opportunity to attend school. It encompasses children who have never attended school, those who may enroll at a later age, and those who have started education but did not continue to the expected age of completion for the specified level.","Ensuring access to education is fundamental to social and economic advancement, aligning with the global development agenda. The out-of-school rate serves as a critical metric within the Sustainable Development Goal 4 framework, providing a measure to evaluate progress toward achieving universal education. This rate, alongside the number of out-of-school children and adolescents, highlights the urgency to enhance educational accessibility.","Due to different data sources for enrollment and population data, the number may not capture the actual number of children not attending in primary school.",,https://datacatalog.worldbank.org/public-licenses#cc-by
SE.PRM.UNER.FE,CC BY-4.0,"Children out of school, primary, female",Children out of school are the number of primary-school-age children not enrolled in primary or secondary school.,"Data API, UN Educational, Scientific and Cultural Organization (UNESCO), uri: https://databrowser.uis.unesco.org/resources, note: The data are obtained through the UIS API.  Detailed documentation is available at: https://api.uis.unesco.org/api/public/documentation/, publisher: UNESCO Institute for Statistics (UIS), type: Bulk file (csv), date accessed: 2026-03-19, date published: 2026-02",Education: Participation,WB_WDI,Number,Annual,1970-2025,Sum,"Methodology: The number of out-of-school children is calculated by subtracting the number of primary school-age children enrolled in primary or secondary school from the total population of the official primary school-age children. 





















Data on education are collected by the UNESCO Institute for Statistics from official responses to its annual education survey. All the data are mapped to the International Standard Classification of Education (ISCED) to ensure the comparability of education programs at the international level. The current version was formally adopted by UNESCO Member States in 2011. Population data are drawn from the United Nations Population Division. Using a single source for population data standardizes definitions, estimations, and interpolation methods, ensuring a consistent methodology across countries and minimizing potential enumeration problems in national censuses.





















The reference years reflect the school year for which the data are presented. In some countries the school year spans two calendar years (for example, from September 2010 to June 2011); in these cases the reference year refers to the year in which the school year ended (2011 in the example).
Statistical concept(s): This indicator measures the proportion of the population within the official age range for a specific educational level who are not currently enrolled in school. The data aids in identifying these individuals to tailor targeted interventions and formulate effective policies, ensuring that all children have the opportunity to attend school. It encompasses children who have never attended school, those who may enroll at a later age, and those who have started education but did not continue to the expected age of completion for the specified level.","Ensuring access to education is fundamental to social and economic advancement, aligning with the global development agenda. The out-of-school rate serves as a critical metric within the Sustainable Development Goal 4 framework, providing a measure to evaluate progress toward achieving universal education. This rate, alongside the number of out-of-school children and adolescents, highlights the urgency to enhance educational accessibility.","Due to different data sources for enrollment and population data, the number may not capture the actual number of children not attending in primary school.",,https://datacatalog.worldbank.org/public-licenses#cc-by
SE.PRM.UNER.MA,CC BY-4.0,"Children out of school, primary, male",Children out of school are the number of primary-school-age children not enrolled in primary or secondary school.,"Data API, UN Educational, Scientific and Cultural Organization (UNESCO), uri: https://databrowser.uis.unesco.org/resources, note: The data are obtained through the UIS API.  Detailed documentation is available at: https://api.uis.unesco.org/api/public/documentation/, publisher: UNESCO Institute for Statistics (UIS), type: Bulk file (csv), date accessed: 2026-03-19, date published: 2026-02",Education: Participation,WB_WDI,Number,Annual,1970-2025,Sum,"Methodology: The number of out-of-school children is calculated by subtracting the number of primary school-age children enrolled in primary or secondary school from the total population of the official primary school-age children. 





















Data on education are collected by the UNESCO Institute for Statistics from official responses to its annual education survey. All the data are mapped to the International Standard Classification of Education (ISCED) to ensure the comparability of education programs at the international level. The current version was formally adopted by UNESCO Member States in 2011. Population data are drawn from the United Nations Population Division. Using a single source for population data standardizes definitions, estimations, and interpolation methods, ensuring a consistent methodology across countries and minimizing potential enumeration problems in national censuses.





















The reference years reflect the school year for which the data are presented. In some countries the school year spans two calendar years (for example, from September 2010 to June 2011); in these cases the reference year refers to the year in which the school year ended (2011 in the example).
Statistical concept(s): This indicator measures the proportion of the population within the official age range for a specific educational level who are not currently enrolled in school. The data aids in identifying these individuals to tailor targeted interventions and formulate effective policies, ensuring that all children have the opportunity to attend school. It encompasses children who have never attended school, those who may enroll at a later age, and those who have started education but did not continue to the expected age of completion for the specified level.","Ensuring access to education is fundamental to social and economic advancement, aligning with the global development agenda. The out-of-school rate serves as a critical metric within the Sustainable Development Goal 4 framework, providing a measure to evaluate progress toward achieving universal education. This rate, alongside the number of out-of-school children and adolescents, highlights the urgency to enhance educational accessibility.","Due to different data sources for enrollment and population data, the number may not capture the actual number of children not attending in primary school.",,https://datacatalog.worldbank.org/public-licenses#cc-by
SE.ENR.PRSC.FM.ZS,CC BY-4.0,"School enrollment, primary and secondary (gross), gender parity index (GPI)",Gender parity index for gross enrollment ratio in primary and secondary education is the ratio of girls to boys enrolled at primary and secondary levels in public and private schools.,"Stat Bulk Data Download Service, UN Educational, Scientific and Cultural Organization (UNESCO), uri: https://uis.unesco.org/bdds, publisher: UNESCO Institute for Statistics (UIS)",Education: Participation,WB_WDI,,Annual,1970-2022,Weighted average,"Methodology: This indicator is calculated by dividing female gross enrollment ratio in primary and secondary education by male gross enrollment ratio in primary and secondary education. 

Data on education are collected by the UNESCO Institute for Statistics from official responses to its annual education survey. All the data are mapped to the International Standard Classification of Education (ISCED) to ensure the comparability of education programs at the international level. The current version was formally adopted by UNESCO Member States in 2011. 

The reference years reflect the school year for which the data are presented. In some countries the school year spans two calendar years (for example, from September 2010 to June 2011); in these cases the reference year refers to the year in which the school year ended (2011 in the example).",The Gender Parity Index (GPI) indicates parity between girls and boys. A GPI of less than 1 suggests girls are more disadvantaged than boys in learning opportunities and a GPI of greater than 1 suggests the other way around. Eliminating gender disparities in education would help increase the status and capabilities of women.,,,https://datacatalog.worldbank.org/public-licenses#cc-by
NY.GDP.PCAP.CD,CC BY-4.0,GDP per capita (current US$),"Gross domestic product is the total income earned through the production of goods and services in an economic territory during an accounting period. It can be measured in three different ways: using either the expenditure approach, the income approach, or the production approach. The core indicator has been divided by the general population to achieve a per capita estimate.This indicator is expressed in current prices, meaning no adjustment has been made to account for price changes over time. This indicator is expressed in United States dollars.","Country official statistics, National Statistical Organizations and/or Central Banks;
National Accounts data files, Organisation for Economic Co-operation and Development (OECD);
Staff estimates, World Bank (WB)",Economic Policy & Debt: National accounts: US$ at current prices: Aggregate indicators,WB_WDI,Current US$,Annual,1960-2024,Weighted average,"Methodology: National accounts are compiled in accordance with international standards: System of National Accounts, 2008 or 1993 versions. Specific information on how countries compile their national accounts can be found on the IMF website: https://dsbb.imf.org/ Per capita estimates are divided by the total population.
Statistical concept(s): The conceptual elements of the SNA (System of National Accounts) measure what takes place in the economy, between which agents, and for what purpose. At the heart of the SNA is the production of goods and services. These may be used for consumption in the period to which the accounts relate or may be accumulated for use in a later period. In simple terms, the amount of value added generated by production represents GDP. The income corresponding to GDP is distributed to the various agents or groups of agents as income and it is the process of distributing and redistributing income that allows one agent to consume the goods and services produced by another agent or to acquire goods and services for later consumption. The way in which the SNA captures this pattern of economic flows is to identify the activities concerned by recognizing the institutional units in the economy and by specifying the structure of accounts capturing the transactions relevant to one stage or another of the process by which goods and services are produced and ultimately consumed.","This indicator is related to the national accounts, which are critical for understanding and managing a country's economy. They provide a framework for the analysis of economic performance. National accounts are the basis for estimating the Gross Domestic Product (GDP) and Gross National Income (GNI), which are the most widely used indicator of economic performance. They are essential for government policymakers, providing the data needed to design and assess fiscal and monetary policies; and are also used by businesses and investors to assess the economic climate and make investment decisions. NAS enable comparison between economies, which is crucial for international trade, investment decisions, and economic competitiveness. More specifically, this indicator is related to national accounts aggregates. Gross Domestic Product (GDP), Gross National Income (GNI), and other aggregates provide a snapshot of the size and health of an economy by measuring the total economic activity within a country. They can thus be used by policymakers to design and implement economic policies, as they reflect the overall economic performance and can indicate the need for intervention in certain areas. Aggregates also allow for comparisons between different economies, which can be useful for trade negotiations, investment decisions, and economic benchmarking. By examining aggregates over time, economists and analysts can identify trends, cycles, and potential areas of concern within an economy, and investors can use national accounts aggregates to assess the potential risks and returns of investing in a particular country. Overall, national accounts aggregates are fundamental tools for economic analysis, policy formulation, and decision-making at both the national and international levels.",,,https://datacatalog.worldbank.org/public-licenses#cc-by
SP.DYN.LE00.IN,CC BY-4.0,"Life expectancy at birth, total (years)",Life expectancy at birth indicates the number of years a newborn infant would live if prevailing patterns of mortality at the time of its birth were to stay the same throughout its life.,"World Population Prospects, United Nations (UN), uri: UN Population Division;
Statistical databases and publications from national statistical offices, National statistical offices, note: Derived from male and female life expectancy at birth from sources such as statistical databases and publications from national statistical offices.;
Demographic Statistics, Eurostat (ESTAT), note: Derived from male and female life expectancy at birth from sources such as Eurostat: Demographic Statistics.",Health: Mortality,WB_WDI,Years,Annual,1960-2024,Weighted average,"Methodology: Life expectancy at birth is derived from life tables and is based on sex- and age-specific death rates, or derived from male and female life expectancy at birth.
Statistical concept(s): Life expectancy at birth used here is the average number of years a newborn is expected to live if mortality patterns at the time of its birth remain constant in the future. It reflects the overall mortality level of a population, and summarizes the mortality pattern that prevails across all age groups in a given year. It is calculated in a period life table which provides a snapshot of a population's mortality pattern at a given time. It therefore does not reflect the mortality pattern that a person actually experiences during his/her life, which can be calculated in a cohort life table.



High mortality in young age groups significantly lowers the life expectancy at birth. But if a person survives his/her childhood of high mortality, he/she may live much longer. For example, in a population with a life expectancy at birth of 50, there may be few people dying at age 50. The life expectancy at birth may be low due to the high childhood mortality so that once a person survives his/her childhood, he/she may live much longer than 50 years.","Mortality rates for different age groups (infants, children, and adults) and overall mortality indicators (life expectancy at birth or survival to a given age) are important indicators of health status in a country. Because data on the incidence and prevalence of diseases are frequently unavailable, mortality rates are often used to identify vulnerable populations. And they are among the indicators most frequently used to compare socioeconomic development across countries.",Annual data series from United Nations Population Division's World Population Prospects are interpolated data from 5-year period data. Therefore they may not reflect real events as much as observed data.,,https://datacatalog.worldbank.org/public-licenses#cc-by
SP.URB.TOTL.IN.ZS,CC BY-4.0,Urban population (% of total population),Urban population refers to people living in urban areas as defined by national statistical offices. The data are collected and smoothed by United Nations Population Division.,"World Urbanization Prospects, United Nations (UN), uri: https://population.un.org/wup/, note: United Nations Population Division's World Urbanization Prospects, National definitions, publisher: UN Population Division",Environment: Density & urbanization,WB_WDI,Percentage,Annual,1960-2025,Weighted average,Methodology: Percentages urban are the numbers of persons residing in an area defined as ''urban'' per 100 total population.
Statistical concept(s): Urban population refers to people living in urban areas as defined by national statistical offices. Particular caution should be used in interpreting the figures for percentage urban for different countries. Countries differ in the way they classify population as "urban" or "rural." The population of a city or metropolitan area depends on the boundaries chosen.,"Explosive growth of cities globally signifies the demographic transition from rural to urban, and is associated with shifts from an agriculture-based economy to mass industry, technology, and service.











In principle, cities offer a more favorable setting for the resolution of social and environmental problems than rural areas. Cities generate jobs and income, and deliver education, health care and other services. Cities also present opportunities for social mobilization and women's empowerment.","Aggregation of urban and rural population may not add up to total population because of different country coverage.

Most countries use an urban classification related to the size or characteristics of settlements. Some define urban areas based on the presence of certain infrastructure and services. And other countries designate urban areas based on administrative arrangements. Because of national differences in the characteristics that distinguish urban from rural areas, the distinction between urban and rural population is not amenable to a single definition that would be applicable to all countries.

Estimates of the world's urban population would change significantly if China, India, and a few other populous nations were to change their definition of urban centers.

Because the estimates of city and metropolitan area are based on national definitions of what constitutes a city or metropolitan area, cross-country comparisons should be made with caution.",,https://datacatalog.worldbank.org/public-licenses#cc-by
SP.POP.TOTL,CC BY-4.0,"Population, total","Total population is based on the de facto definition of population, which counts all residents regardless of legal status or citizenship. The values shown are midyear estimates.","World Population Prospects, United Nations (UN), uri: https://population.un.org/wpp/, publisher: UN Population Division;
Statistical databases and publications from national statistical offices, National Statistical Offices, uri: https://unstats.un.org/home/nso_sites/, publisher: National Statistical Offices;
Eurostat: Demographic Statistics, Eurostat (ESTAT), uri: https://ec.europa.eu/eurostat/data/database?node_code=earn_ses_monthly, publisher: Eurostat;
Population and Vital Statistics Report (various years), United Nations (UN), uri: https://unstats.un.org, publisher: UN Statistics Division",Health: Population: Structure,WB_WDI,Unit,Annual,1960-2025,Sum,"Methodology: Population estimates are usually based on national population censuses, and estimates of fertility, mortality and migration.



Errors and undercounting in census occur even in high-income countries.  In developing countries errors may be substantial because of limits in the transport, communications, and other resources required to conduct and analyze a full census.



The quality and reliability of official demographic data are also affected by public trust in the government, government commitment to full and accurate enumeration, confidentiality and protection against misuse of census data, and census agencies' independence from political influence. Moreover, comparability of population indicators is limited by differences in the concepts, definitions, collection procedures, and estimation methods used by national statistical agencies and other organizations that collect the data.



The currentness of a census and the availability of complementary data from surveys or registration systems are objective ways to judge demographic data quality. Some European countries' registration systems offer complete information on population in the absence of a census.



The United Nations Statistics Division monitors the completeness of vital registration systems. Some developing countries have made progress over the last 60 years, but others still have deficiencies in civil registration systems.



International migration is the only other factor besides birth and death rates that directly determines a country's population change. Estimating migration is difficult. At any time many people are located outside their home country as tourists, workers, or refugees or for other reasons. Standards for the duration and purpose of international moves that qualify as migration vary, and estimates require information on flows into and out of countries that is difficult to collect.



One of the major data sources of this indicator is UN Population Division's World Population Prospects, which use the cohort component method to produce population estimates and projections.



Population projections, starting from a base year are projected forward using assumptions of mortality, fertility, and migration by age and sex through 2050, based on the UN Population Division's World Population Prospects database medium variant.
Statistical concept(s): Estimates of total population describe the size of total population. Population estimates are dependent on the demographic components of change that are fertility, mortality and migration. As the size of population continues to change throughout the time even within a year, a reference time in the year that the estimate refers to is needed, such as mid-year, end-year or beginning of year. The values shown are midyear estimates.","Increases in human population, whether as a result of immigration or more births than deaths, can impact natural resources and social infrastructure.  This can place pressure on a country's sustainability.  A significant growth in population will negatively impact the availability of land for agricultural production, and will aggravate demand for food, energy, water, social services, and infrastructure. On the other hand, decreasing population size - a result of fewer births than deaths, and people moving out of a country - can impact a government's commitment to maintain services and infrastructure.","Current population estimates for developing countries that lack (i) reliable recent census data, and (ii) pre- and post-census estimates for countries with census data, are provided by the United Nations Population Division and other agencies. 



The cohort component method - a standard method for estimating and projecting population - requires fertility, mortality, and net migration data, often collected from sample surveys, which can be small or limited in coverage. Population estimates are from demographic modeling and so are susceptible to biases and errors from shortcomings in both the model and the data.



Because future trends cannot be known with certainty, population projections have a wide range of uncertainty.",Relevance to gender indicator: disaggregating the population composition by gender will help a country in projecting its demand for social services on a gender basis.,https://datacatalog.worldbank.org/public-licenses#cc-by
